Tick,Date,Open,High,Low,Close,Adj Close,Volume
BBAS3,2022-10-05,39.259998,40.349998,38.740002,39.860001,36.536537,22425000
PETR3,2022-10-05,35.500000,36.790001,35.299999,36.549999,26.726000,24446100
BBAS3,2022-10-06,40.200001,40.770000,39.849998,40.570000,37.187336,18177800
PETR3,2022-10-06,36.959999,37.730000,36.599998,37.630001,27.515718,23327000
BBAS3,2022-10-07,40.560001,40.810001,40.110001,40.660000,37.269833,13562000
PETR3,2022-10-07,37.529999,38.410000,37.189999,37.439999,27.376785,18217500
BBAS3,2022-10-10,41.070000,41.360001,39.799999,40.070000,36.729023,11524600
PETR3,2022-10-10,37.599998,37.810001,36.880001,37.099998,27.128168,12316500
BBAS3,2022-10-11,39.790001,40.070000,38.849998,39.110001,35.849072,14612900
PETR3,2022-10-11,36.660000,37.279999,36.299999,36.740002,26.864935,20992200
BBAS3,2022-10-13,38.799999,39.860001,38.070000,39.380001,36.096561,15142400
PETR3,2022-10-13,36.250000,38.520000,36.090000,37.889999,27.705832,24490200
BBAS3,2022-10-14,39.660000,40.180000,38.680000,39.160000,35.894901,12511400
PETR3,2022-10-14,37.849998,37.919998,37.099998,37.150002,27.164732,19191500
BBAS3,2022-10-17,39.299999,39.840000,38.860001,39.490002,36.197388,10038600
PETR3,2022-10-17,37.139999,37.599998,36.459999,36.910000,26.989239,26406000
BBAS3,2022-10-18,39.959999,41.520000,39.759998,39.950001,36.619034,21741600
ITSA3,2022-10-18,9.318181,9.463636,9.290909,9.463636,8.770591,335830
MGLU3,2022-10-18,4.490000,4.530000,4.210000,4.320000,4.320000,185606300
PETR3,2022-10-18,37.250000,37.740002,36.650002,37.740002,27.596151,18698100
VALE3,2022-10-18,72.300003,72.830002,70.739998,71.959999,68.119720,27494000
BBAS3,2022-10-19,41.369999,41.790001,41.000000,41.650002,38.177288,12728500
ITSA3,2022-10-19,9.463636,9.581818,9.436363,9.554545,8.854843,549230
MGLU3,2022-10-19,4.310000,4.310000,4.070000,4.190000,4.190000,179107600
PETR3,2022-10-19,37.799999,39.279999,37.660000,39.139999,28.619854,21303100
VALE3,2022-10-19,71.629997,72.129997,70.580002,71.110001,67.315086,22651000
BBAS3,2022-10-20,41.900002,43.680000,41.700001,43.599998,39.964699,35376600
ITSA3,2022-10-20,9.554545,9.754545,9.536363,9.536363,8.837992,366190
MGLU3,2022-10-20,4.220000,4.220000,3.900000,4.090000,4.090000,213851700
PETR3,2022-10-20,39.660000,40.290001,39.430000,40.189999,29.387632,27337800
VALE3,2022-10-20,70.980003,73.190002,70.320000,72.019997,68.176521,37240700
BBAS3,2022-10-21,43.419998,44.939999,43.169998,44.680000,40.954651,32082800
ITSA3,2022-10-21,9.636363,10.027272,9.636363,9.936363,9.208700,345950
MGLU3,2022-10-21,4.020000,4.210000,3.920000,4.150000,4.150000,206786000
PETR3,2022-10-21,40.430000,42.080002,40.130001,41.560001,30.389404,32623200
VALE3,2022-10-21,71.800003,74.680000,71.440002,74.129997,70.173912,36846800
BBAS3,2022-10-24,43.619999,43.680000,40.200001,40.200001,36.848186,37664600
ITSA3,2022-10-24,9.836363,9.890909,9.572727,9.590909,8.888543,327690
MGLU3,2022-10-24,4.060000,4.130000,3.950000,4.080000,4.080000,125022400
PETR3,2022-10-24,40.349998,40.619999,37.360001,37.450001,27.384098,33545600
VALE3,2022-10-24,73.269997,73.949997,71.180000,71.930000,68.091324,32035800
BBAS3,2022-10-25,40.099998,40.470001,39.169998,39.509998,36.215717,21368200
ITSA3,2022-10-25,9.590909,9.654545,9.527272,9.545454,8.846416,210650
MGLU3,2022-10-25,4.070000,4.470000,4.040000,4.290000,4.290000,215019000
PETR3,2022-10-25,37.410000,37.720001,36.520000,36.889999,26.974615,24141600
VALE3,2022-10-25,71.610001,73.269997,70.919998,71.930000,68.091324,28158100
BBAS3,2022-10-26,39.110001,39.139999,37.180000,38.110001,34.932449,32074200
ITSA3,2022-10-26,9.545454,9.545454,9.318181,9.390909,8.703189,230230
MGLU3,2022-10-26,4.200000,4.230000,3.880000,3.910000,3.910000,187240100
PETR3,2022-10-26,36.549999,36.930000,35.189999,36.220001,26.484701,25746100
VALE3,2022-10-26,71.279999,74.849998,71.120003,73.529999,69.605934,40845700
BBAS3,2022-10-27,38.500000,39.400002,38.320000,38.590000,35.372425,20827100
ITSA3,2022-10-27,9.381818,9.636363,9.336363,9.527272,8.829568,140470
MGLU3,2022-10-27,3.940000,4.320000,3.920000,4.220000,4.220000,219975200
PETR3,2022-10-27,36.570000,36.880001,35.990002,36.330002,26.565134,25148100
VALE3,2022-10-27,72.000000,72.120003,69.430000,70.910004,67.125771,52613000
BBAS3,2022-10-28,38.240002,38.900002,37.950001,38.820000,35.583248,20428000
ITSA3,2022-10-28,9.527272,9.600000,9.463636,9.563636,8.863269,97020
MGLU3,2022-10-28,4.170000,4.440000,4.100000,4.380000,4.380000,200353500
PETR3,2022-10-28,35.930000,36.220001,35.240002,35.779999,26.162966,27032800
VALE3,2022-10-28,68.589996,69.050003,66.650002,67.449997,63.850403,52793500
BBAS3,2022-10-31,36.660000,38.330002,36.009998,37.020000,33.933331,50766800
ITSA3,2022-10-31,9.481818,9.900000,9.345454,9.836363,9.116021,505010
MGLU3,2022-10-31,4.380000,4.660000,4.260000,4.470000,4.470000,263678600
PETR3,2022-10-31,33.310001,34.639999,32.520000,33.259998,24.320295,55281200
VALE3,2022-10-31,66.000000,69.400002,65.519997,67.129997,63.547478,39184100
BBAS3,2022-11-01,37.400002,38.799999,36.900002,37.900002,34.739956,24640300
ITSA3,2022-11-01,9.818181,10.027272,9.754545,9.845454,9.124446,251460
MGLU3,2022-11-01,4.530000,4.670000,4.330000,4.560000,4.560000,203364300
PETR3,2022-11-01,33.540001,33.900002,33.080002,33.369999,24.400728,34269700
VALE3,2022-11-01,69.449997,70.800003,68.949997,69.169998,65.478622,42670000
BBAS3,2022-11-03,39.000000,39.029999,37.200001,38.689999,35.464085,30417900
ITSA3,2022-11-03,9.781818,9.936363,9.645454,9.900000,9.174999,235070
MGLU3,2022-11-03,4.460000,4.950000,4.400000,4.870000,4.870000,242822900
PETR3,2022-11-03,33.110001,33.849998,32.720001,33.459999,24.466537,24872100
VALE3,2022-11-03,67.639999,67.940002,66.580002,67.150002,63.566422,34390300
BBAS3,2022-11-04,38.959999,39.980000,38.810001,39.259998,35.986561,27290400
ITSA3,2022-11-04,9.872727,10.063636,9.827272,9.863636,9.141298,355080
MGLU3,2022-11-04,5.000000,5.010000,4.760000,4.830000,4.830000,159879200
PETR3,2022-11-04,34.200001,34.330002,31.400000,31.709999,23.186909,29167600
VALE3,2022-11-04,71.150002,73.389999,70.800003,72.250000,68.394249,61191100
BBAS3,2022-11-07,38.910000,39.189999,37.619999,37.889999,34.730785,23671200
ITSA3,2022-11-07,9.954545,9.954545,9.663636,9.827272,9.107598,148170
MGLU3,2022-11-07,4.800000,4.940000,4.500000,4.540000,4.540000,171034400
PETR3,2022-11-07,31.389999,31.900000,30.450001,30.629999,22.397194,27442700
VALE3,2022-11-07,72.000000,73.029999,71.440002,71.870003,68.034531,29445500
BBAS3,2022-11-08,37.779999,38.299999,37.320000,38.070000,34.895782,14742300
ITSA3,2022-11-08,9.827272,9.836363,9.690909,9.736363,9.023346,170170
MGLU3,2022-11-08,4.510000,4.770000,4.500000,4.630000,4.630000,167245000
PETR3,2022-11-08,30.379999,30.900000,29.990000,30.629999,22.397194,19140100
VALE3,2022-11-08,71.650002,74.930000,71.650002,74.050003,70.098190,39756500
BBAS3,2022-11-09,37.639999,38.560001,36.919998,37.060001,33.969994,18987500
ITSA3,2022-11-09,9.727272,9.754545,9.336363,9.436363,8.745316,363330
MGLU3,2022-11-09,4.630000,4.670000,4.400000,4.470000,4.470000,121050900
PETR3,2022-11-09,30.520000,31.180000,30.000000,30.059999,21.980400,15928500
VALE3,2022-11-09,74.099998,74.779999,72.519997,73.150002,69.246216,42208500
BBAS3,2022-11-10,37.000000,37.680000,35.669998,36.330002,33.300865,64558100
ITSA3,2022-11-10,9.481818,9.481818,8.981818,9.181818,8.509412,558910
MGLU3,2022-11-10,4.220000,4.350000,3.890000,3.980000,3.980000,226321300
PETR3,2022-11-10,29.309999,30.240000,28.920000,29.690001,21.709848,39818600
VALE3,2022-11-10,71.500000,75.470001,71.379997,74.550003,70.571503,47658100
BBAS3,2022-11-11,36.310001,36.650002,35.360001,35.520000,32.558395,54156800
ITSA3,2022-11-11,9.250000,9.360000,8.900000,9.340000,8.656010,724100
MGLU3,2022-11-11,4.110000,4.150000,3.380000,3.460000,3.460000,389272300
PETR3,2022-11-11,29.610001,31.160000,29.280001,30.700001,22.448380,34866200
VALE3,2022-11-11,77.989998,82.989998,77.209999,82.300003,77.907913,80174100
BBAS3,2022-11-14,36.000000,36.799999,35.650002,36.400002,33.365028,23033900
ITSA3,2022-11-14,9.250000,9.450000,9.140000,9.140000,8.470657,475200
MGLU3,2022-11-14,3.550000,3.710000,3.450000,3.620000,3.620000,215541900
PETR3,2022-11-14,31.070000,32.020000,30.959999,31.549999,23.069914,19816400
VALE3,2022-11-14,82.389999,84.440002,81.379997,83.309998,78.864006,43822500
BBAS3,2022-11-16,35.759998,36.040001,35.070000,35.250000,32.310909,22549600
ITSA3,2022-11-16,9.140000,9.250000,8.960000,9.080000,8.415051,358100
MGLU3,2022-11-16,3.620000,3.640000,3.310000,3.330000,3.330000,224138000
PETR3,2022-11-16,31.750000,31.980000,30.879999,31.200001,22.813990,25165000
VALE3,2022-11-16,83.320000,84.769997,81.540001,82.440002,78.040443,32935300
BBAS3,2022-11-17,35.020000,35.220001,33.639999,34.500000,31.623442,40132700
ITSA3,2022-11-17,9.000000,9.050000,8.820000,9.050000,8.387247,253300
MGLU3,2022-11-17,3.220000,3.460000,3.030000,3.390000,3.390000,241026800
PETR3,2022-11-17,31.200001,31.290001,30.469999,30.959999,22.638494,30514800
VALE3,2022-11-17,80.870003,83.290001,80.739998,83.099998,78.665215,31790500
BBAS3,2022-11-18,34.570000,35.299999,34.099998,34.380001,31.513454,22645200
ITSA3,2022-11-18,9.050000,9.280000,9.030000,9.050000,8.387247,217900
MGLU3,2022-11-18,3.500000,3.580000,3.090000,3.150000,3.150000,269326000
PETR3,2022-11-18,31.160000,31.389999,30.040001,30.389999,22.221703,27497600
VALE3,2022-11-18,84.349998,84.489998,80.699997,80.830002,76.516365,44324400
BBAS3,2022-11-21,34.529999,35.419998,34.209999,35.200001,32.265083,21382900
ITSA3,2022-11-21,9.080000,9.210000,8.960000,9.090000,8.472569,203500
MGLU3,2022-11-21,3.240000,3.480000,3.200000,3.380000,3.380000,251248400
PETR3,2022-11-21,30.940001,31.290001,29.530001,30.280001,22.141268,33579600
VALE3,2022-11-21,79.099998,80.190002,78.279999,79.919998,75.654922,27745900
BBAS3,2022-11-22,34.590000,34.910000,33.820000,34.040001,31.353403,13218800
ITSA3,2022-11-22,9.110000,9.210000,8.950000,9.100000,8.481889,221600
MGLU3,2022-11-22,3.390000,3.450000,3.200000,3.340000,3.340000,204502900
PETR3,2022-11-22,26.719999,27.059999,25.530001,27.059999,22.247242,44857900
VALE3,2022-11-22,79.949997,81.459999,79.389999,80.139999,75.863182,27105100
BBAS3,2022-11-23,33.799999,34.529999,33.509998,34.459999,31.740261,13324500
ITSA3,2022-11-23,9.100000,9.100000,8.930000,8.970000,8.360720,152300
MGLU3,2022-11-23,3.290000,3.380000,3.200000,3.380000,3.380000,167070600
PETR3,2022-11-23,26.610001,27.410000,26.480000,27.070000,22.255463,17851100
VALE3,2022-11-23,80.930000,81.360001,79.940002,80.930000,76.611023,22415800
BBAS3,2022-11-24,34.590000,35.950001,34.349998,35.020000,32.256058,10819700
ITSA3,2022-11-24,9.050000,9.320000,9.030000,9.190000,8.565776,147700
MGLU3,2022-11-24,3.430000,3.660000,3.430000,3.600000,3.600000,164391300
PETR3,2022-11-24,27.100000,28.410000,26.940001,28.120001,23.118717,13776300
VALE3,2022-11-24,81.510002,82.389999,80.610001,81.449997,77.103279,12420900
BBAS3,2022-11-25,35.110001,35.230000,33.919998,34.209999,31.509991,9592300
ITSA3,2022-11-25,9.270000,9.270000,9.050000,9.230000,8.603059,252600
MGLU3,2022-11-25,3.600000,3.620000,3.320000,3.420000,3.420000,210074500
PETR3,2022-11-25,28.080000,28.080000,27.219999,27.490000,22.600765,13019700
VALE3,2022-11-25,82.000000,82.879997,80.680000,80.900002,76.582634,20477000
BBAS3,2022-11-28,34.389999,35.200001,34.099998,34.830002,32.081055,8237300
ITSA3,2022-11-28,9.230000,9.230000,9.020000,9.090000,8.472569,116700
MGLU3,2022-11-28,3.250000,3.450000,3.230000,3.320000,3.320000,151668900
PETR3,2022-11-28,27.379999,28.370001,27.219999,28.170000,23.159822,12320700
VALE3,2022-11-28,80.599998,82.339996,79.519997,81.300003,76.961281,16166300
BBAS3,2022-11-29,35.000000,35.730000,34.590000,35.250000,32.467907,9135200
ITSA3,2022-11-29,9.090000,9.180000,8.930000,9.080000,8.463248,204100
MGLU3,2022-11-29,3.360000,3.470000,3.170000,3.360000,3.360000,195372300
PETR3,2022-11-29,28.400000,29.959999,28.260000,29.379999,24.154617,24509100
VALE3,2022-11-29,82.849998,85.680000,82.620003,84.440002,79.933708,42574300
BBAS3,2022-11-30,35.419998,35.810001,34.700001,35.279999,32.495541,12799000
ITSA3,2022-11-30,9.080000,9.380000,8.980000,9.380000,8.742869,264400
MGLU3,2022-11-30,3.370000,3.470000,3.260000,3.410000,3.410000,208756700
PETR3,2022-11-30,29.549999,30.480000,29.500000,30.389999,24.984983,29533500
VALE3,2022-11-30,85.000000,86.620003,84.760002,85.709999,81.135933,59932800
BBAS3,2022-12-01,35.119999,35.560001,34.720001,35.240002,32.458698,9118400
ITSA3,2022-12-01,9.260000,9.260000,8.990000,9.050000,8.456500,455500
MGLU3,2022-12-01,3.380000,3.390000,3.100000,3.100000,3.100000,203784900
PETR3,2022-12-01,30.219999,30.549999,29.250000,29.250000,24.047739,12067600
VALE3,2022-12-01,86.419998,86.750000,84.730003,86.180000,81.580849,34319300
BBAS3,2022-12-02,35.529999,36.720001,35.110001,36.029999,33.186344,13806400
ITSA3,2022-12-02,9.050000,9.140000,8.960000,9.100000,8.503220,142200
MGLU3,2022-12-02,3.120000,3.380000,3.050000,3.240000,3.240000,257430900
PETR3,2022-12-02,29.240000,30.450001,29.020000,29.629999,24.360153,18444400
VALE3,2022-12-02,86.760002,87.739998,84.970001,86.800003,82.167763,30213600
BBAS3,2022-12-05,35.950001,35.959999,35.020000,35.200001,32.421852,10360600
ITSA3,2022-12-05,9.100000,9.140000,8.900000,8.970000,8.381744,183900
MGLU3,2022-12-05,3.210000,3.250000,3.030000,3.080000,3.080000,132806700
PETR3,2022-12-05,29.700001,30.389999,29.170000,29.230000,24.031298,12452000
VALE3,2022-12-05,87.900002,88.989998,86.680000,86.709999,82.082558,21896500
BBAS3,2022-12-06,35.389999,35.560001,35.090000,35.560001,32.753441,8629400
ITSA3,2022-12-06,8.970000,8.980000,8.890000,8.940000,8.353711,151100
MGLU3,2022-12-06,3.120000,3.200000,3.050000,3.120000,3.120000,133899800
PETR3,2022-12-06,29.500000,30.000000,28.959999,29.180000,23.990191,10532200
VALE3,2022-12-06,86.989998,88.930000,86.879997,87.970001,83.275322,21335700
BBAS3,2022-12-07,35.599998,35.939999,35.480000,35.480000,32.679760,6603300
ITSA3,2022-12-07,8.940000,9.060000,8.940000,9.000000,8.409780,121600
MGLU3,2022-12-07,3.100000,3.170000,2.920000,2.940000,2.940000,258328900
PETR3,2022-12-07,29.170000,29.590000,28.719999,28.740000,23.628447,13339200
VALE3,2022-12-07,85.910004,86.419998,83.860001,84.839996,80.312355,45441000
BBAS3,2022-12-08,35.480000,35.959999,34.810001,35.029999,32.265266,12269100
ITSA3,2022-12-08,9.000000,9.050000,8.890000,8.950000,8.363056,484900
MGLU3,2022-12-08,2.960000,3.040000,2.790000,2.840000,2.840000,152151100
PETR3,2022-12-08,28.740000,29.309999,27.950001,28.120001,23.118717,13407800
VALE3,2022-12-08,85.500000,87.250000,85.349998,85.879997,81.296852,29827900
BBAS3,2022-12-09,35.090000,35.180000,34.590000,34.980000,32.219212,7031900
ITSA3,2022-12-09,8.880000,8.880000,8.640000,8.680000,8.282427,177600
MGLU3,2022-12-09,2.940000,2.940000,2.790000,2.800000,2.800000,102725300
PETR3,2022-12-09,28.240000,28.709999,27.799999,28.059999,23.069386,10363900
VALE3,2022-12-09,88.059998,89.540001,87.529999,88.739998,84.004227,37713000
BBAS3,2022-12-12,34.900002,35.389999,33.209999,33.790001,31.123135,26554200
ITSA3,2022-12-12,8.680000,8.780000,8.580000,8.630000,8.234718,359500
MGLU3,2022-12-12,2.790000,2.900000,2.710000,2.800000,2.800000,129832100
PETR3,2022-12-12,28.000000,28.080000,26.610001,27.299999,22.444555,18581300
VALE3,2022-12-12,88.150002,88.300003,85.379997,86.089996,81.495644,34995000
BBAS3,2022-12-13,33.810001,33.950001,31.860001,31.860001,29.648638,21854900
ITSA3,2022-12-13,8.700000,8.760000,8.470000,8.490000,8.101130,418800
MGLU3,2022-12-13,2.830000,2.920000,2.760000,2.800000,2.800000,215615400
PETR3,2022-12-13,27.459999,27.709999,26.879999,26.930000,22.140364,22207900
VALE3,2022-12-13,86.250000,87.400002,85.629997,86.160004,81.839508,31559400
BBAS3,2022-12-14,31.500000,31.570000,30.250000,31.070000,28.913471,40011200
ITSA3,2022-12-14,8.490000,8.890000,8.370000,8.790000,8.387389,448100
MGLU3,2022-12-14,2.770000,2.770000,2.570000,2.630000,2.630000,295146900
PETR3,2022-12-14,26.230000,26.360001,23.610001,24.290001,19.969902,69775500
VALE3,2022-12-14,85.750000,87.330002,85.500000,86.889999,82.532906,34564000
BBAS3,2022-12-15,30.719999,32.529999,30.510000,31.950001,29.732391,47466100
ITSA3,2022-12-15,8.760000,8.920000,8.570000,8.680000,8.282427,279000
MGLU3,2022-12-15,2.610000,2.740000,2.550000,2.600000,2.600000,182381200
PETR3,2022-12-15,23.799999,25.440001,23.709999,24.910000,20.479630,24269200
VALE3,2022-12-15,87.389999,88.169998,86.889999,87.169998,82.798859,24782100
BBAS3,2022-12-16,32.000000,32.759998,31.780001,32.599998,30.337275,21848400
ITSA3,2022-12-16,8.680000,8.740000,8.540000,8.630000,8.234718,177300
MGLU3,2022-12-16,2.580000,2.630000,2.350000,2.370000,2.370000,214952500
PETR3,2022-12-16,24.860001,25.049999,24.320000,24.980000,20.537182,28123600
VALE3,2022-12-16,87.000000,87.320000,84.510002,85.680000,81.383575,37762100
BBAS3,2022-12-19,32.709999,33.450001,32.509998,32.950001,30.662983,15579000
ITSA3,2022-12-19,8.650000,8.860000,8.630000,8.810000,8.406474,125900
MGLU3,2022-12-19,2.390000,2.700000,2.360000,2.610000,2.610000,299528100
PETR3,2022-12-19,24.900000,25.639999,24.690001,25.549999,21.005802,12963900
VALE3,2022-12-19,85.000000,85.580002,84.239998,85.370003,81.089127,27508500
BBAS3,2022-12-20,32.939999,34.160000,32.630001,33.799999,31.453985,13249000
ITSA3,2022-12-20,8.830000,9.050000,8.820000,8.880000,8.473267,143500
MGLU3,2022-12-20,2.560000,3.030000,2.540000,2.820000,2.820000,356523400
PETR3,2022-12-20,25.530001,26.340000,25.420000,26.170000,21.515533,15549900
VALE3,2022-12-20,85.370003,87.250000,85.309998,85.750000,81.450066,22657300
BBAS3,2022-12-21,34.099998,34.459999,33.750000,34.119999,31.751772,8747500
ITSA3,2022-12-21,8.890000,8.970000,8.830000,8.900000,8.492350,177400
MGLU3,2022-12-21,2.850000,2.890000,2.590000,2.610000,2.610000,296265100
PETR3,2022-12-21,26.559999,26.860001,25.910000,26.860001,22.082815,20946900
VALE3,2022-12-21,86.900002,87.400002,85.820000,86.239998,81.915497,39183700
BBAS3,2022-12-22,34.320000,34.840000,33.910000,34.430000,32.040257,7398300
ITSA3,2022-12-22,8.900000,8.940000,8.810000,8.890000,8.482809,112200
MGLU3,2022-12-22,2.640000,2.660000,2.510000,2.600000,2.600000,184677300
PETR3,2022-12-22,27.100000,27.719999,26.680000,27.170000,22.337679,14139200
VALE3,2022-12-22,86.279999,86.650002,84.690002,85.750000,81.450066,19429200
BBAS3,2022-12-23,34.529999,35.639999,34.529999,35.279999,32.831261,8744400
ITSA3,2022-12-23,8.890000,9.030000,8.840000,8.950000,8.540060,142100
MGLU3,2022-12-23,2.620000,2.830000,2.620000,2.680000,2.680000,195172100
PETR3,2022-12-23,27.389999,28.600000,27.320000,28.559999,23.480459,12490700
VALE3,2022-12-23,85.279999,86.519997,85.080002,86.320000,81.991486,18656500
BBAS3,2022-12-26,35.570000,35.570000,34.740002,35.230000,32.784733,4552700
ITSA3,2022-12-26,8.960000,9.050000,8.830000,9.050000,8.635482,70600
MGLU3,2022-12-26,2.710000,2.730000,2.560000,2.660000,2.660000,73999000
PETR3,2022-12-26,28.459999,28.639999,28.120001,28.469999,23.406466,3655300
VALE3,2022-12-26,86.419998,87.540001,86.330002,87.110001,82.741867,18407500
BBAS3,2022-12-27,35.450001,35.450001,33.900002,34.060001,31.695942,8865800
ITSA3,2022-12-27,9.050000,9.050000,8.810000,8.840000,8.435099,133100
MGLU3,2022-12-27,2.670000,2.710000,2.500000,2.520000,2.520000,147780600
PETR3,2022-12-27,28.700001,28.750000,28.010000,28.660000,23.562674,15571400
VALE3,2022-12-27,88.000000,89.650002,87.470001,89.190002,84.717575,26720300
BBAS3,2022-12-28,34.099998,34.799999,33.619999,34.669998,32.263596,10725200
ITSA3,2022-12-28,8.840000,8.980000,8.760000,8.950000,8.540060,143000
MGLU3,2022-12-28,2.540000,2.740000,2.510000,2.690000,2.690000,195250600
PETR3,2022-12-28,28.690001,29.000000,28.370001,28.500000,23.431129,9698400
VALE3,2022-12-28,89.190002,90.209999,88.699997,88.989998,84.527596,23314500
BBAS3,2022-12-29,34.830002,35.040001,34.400002,34.730000,32.319431,9336500
ITSA3,2022-12-29,9.050000,9.070000,8.900000,8.900000,8.492350,89100
MGLU3,2022-12-29,2.710000,2.800000,2.660000,2.740000,2.740000,130046200
PETR3,2022-12-29,28.680000,28.730000,27.980000,28.040001,23.052944,31388400
VALE3,2022-12-29,89.000000,89.949997,88.830002,88.879997,84.423111,40110800
BBAS3,2023-01-02,34.220001,34.220001,32.900002,33.259998,30.951460,11778500
ITSA3,2023-01-02,8.900000,8.950000,8.700000,8.830000,8.425558,115600
MGLU3,2023-01-02,2.650000,2.660000,2.550000,2.590000,2.590000,70129500
PETR3,2023-01-02,26.850000,27.299999,25.959999,26.170000,21.515533,14365400
VALE3,2023-01-02,88.680000,89.900002,88.529999,89.400002,84.917038,12783800
BBAS3,2023-01-03,33.259998,33.400002,32.419998,32.639999,30.374498,10773700
ITSA3,2023-01-03,8.770000,8.900000,8.630000,8.730000,8.330137,167700
MGLU3,2023-01-03,2.600000,2.760000,2.500000,2.540000,2.540000,164163800
PETR3,2023-01-03,26.360001,26.549999,25.480000,25.799999,21.211338,28657500
VALE3,2023-01-03,89.400002,90.089996,88.889999,89.239998,84.765060,25332600
BBAS3,2023-01-04,32.830002,33.259998,32.560001,33.060001,30.765350,9759500
ITSA3,2023-01-04,8.730000,8.810000,8.670000,8.700000,8.301512,122300
MGLU3,2023-01-04,2.590000,2.610000,2.500000,2.550000,2.550000,148041300
PETR3,2023-01-04,25.740000,26.900000,25.299999,26.230000,21.564861,24517300
VALE3,2023-01-04,89.300003,89.650002,87.949997,89.400002,84.917038,26395300
BBAS3,2023-01-05,33.290001,34.740002,33.080002,34.570000,32.170544,16968800
ITSA3,2023-01-05,8.770000,8.940000,8.710000,8.890000,8.482809,112300
MGLU3,2023-01-05,2.580000,2.710000,2.510000,2.660000,2.660000,174089300
PETR3,2023-01-05,26.570000,27.340000,26.450001,27.080000,22.263685,20367800
VALE3,2023-01-05,89.459999,91.680000,89.000000,90.900002,86.341820,29085600
BBAS3,2023-01-06,34.650002,35.270000,34.439999,35.049999,32.617222,14752300
ITSA3,2023-01-06,8.900000,8.990000,8.890000,8.900000,8.492350,90400
MGLU3,2023-01-06,2.670000,2.770000,2.600000,2.760000,2.760000,143904100
PETR3,2023-01-06,27.150000,27.730000,26.820000,26.910000,22.123920,14109900
VALE3,2023-01-06,91.000000,92.739998,91.000000,92.339996,87.709610,31420600
BBAS3,2023-01-09,34.730000,35.049999,34.480000,34.709999,32.300819,10013600
ITSA3,2023-01-09,8.900000,9.020000,8.830000,8.970000,8.559145,146000
MGLU3,2023-01-09,2.680000,2.900000,2.660000,2.830000,2.830000,141723200
PETR3,2023-01-09,26.840000,27.309999,26.600000,27.090000,22.271906,12703400
VALE3,2023-01-09,91.529999,92.989998,91.250000,92.440002,87.804604,19285800
BBAS3,2023-01-10,34.500000,35.480000,34.330002,35.299999,32.849869,9654800
ITSA3,2023-01-10,8.990000,9.100000,8.700000,9.070000,8.654564,181400
MGLU3,2023-01-10,2.790000,3.090000,2.760000,3.050000,3.050000,192054800
PETR3,2023-01-10,27.070000,27.290001,26.469999,27.250000,22.403448,8949300
VALE3,2023-01-10,92.489998,93.900002,92.339996,93.580002,88.887436,19821100
BBAS3,2023-01-11,35.299999,35.849998,35.060001,35.799999,33.315166,14542400
ITSA3,2023-01-11,9.080000,9.120000,9.020000,9.070000,8.654564,91300
MGLU3,2023-01-11,3.070000,3.110000,2.900000,3.030000,3.030000,170364500
PETR3,2023-01-11,27.250000,27.830000,27.190001,27.600000,22.691200,9587400
VALE3,2023-01-11,93.989998,94.480003,92.260002,93.250000,88.573982,23834100
BBAS3,2023-01-12,35.570000,35.869999,35.009998,35.570000,33.101131,10086600
ITSA3,2023-01-12,9.060000,9.110000,8.910000,9.040000,8.625937,118600
MGLU3,2023-01-12,2.700000,3.280000,2.690000,3.190000,3.190000,383841100
PETR3,2023-01-12,27.690001,27.830000,27.209999,27.750000,22.814522,13092100
VALE3,2023-01-12,93.480003,94.300003,92.940002,93.739998,89.039406,18058600
BBAS3,2023-01-13,35.500000,35.849998,34.950001,35.650002,33.175583,10043500
ITSA3,2023-01-13,9.030000,9.040000,8.890000,9.020000,8.606854,95300
MGLU3,2023-01-13,3.160000,3.620000,3.090000,3.430000,3.430000,315639000
PETR3,2023-01-13,27.549999,27.860001,27.350000,27.690001,22.765194,7763200
VALE3,2023-01-13,93.690002,94.279999,93.360001,93.820000,89.115402,16905800
BBAS3,2023-01-16,35.660000,36.119999,35.320000,35.610001,33.138355,9218900
ITSA3,2023-01-16,9.010000,9.010000,8.810000,8.850000,8.444641,130500
MGLU3,2023-01-16,3.380000,3.960000,3.370000,3.850000,3.850000,223987500
PETR3,2023-01-16,27.469999,27.639999,26.750000,27.000000,22.197912,8501500
VALE3,2023-01-16,92.000000,92.389999,90.830002,92.250000,87.624130,19563900
BBAS3,2023-01-17,35.790001,37.700001,35.540001,37.700001,35.083294,26060500
ITSA3,2023-01-17,8.850000,9.020000,8.840000,8.990000,8.578229,97900
MGLU3,2023-01-17,3.900000,4.020000,3.660000,3.790000,3.790000,253024500
PETR3,2023-01-17,27.150000,28.920000,27.150000,28.900000,23.759989,21291000
VALE3,2023-01-17,92.510002,93.230003,91.830002,92.129997,87.510139,18719500
BBAS3,2023-01-18,38.049999,38.869999,37.889999,38.240002,35.585808,23234600
ITSA3,2023-01-18,8.990000,9.120000,8.980000,9.060000,8.645022,291700
MGLU3,2023-01-18,3.840000,3.880000,3.520000,3.560000,3.560000,227221500
PETR3,2023-01-18,29.290001,29.480000,28.400000,28.530001,23.455795,13955300
VALE3,2023-01-18,93.059998,94.230003,92.910004,93.339996,88.659470,16737300
BBAS3,2023-01-19,38.000000,39.320000,37.549999,39.110001,36.395424,23412100
ITSA3,2023-01-19,9.040000,9.100000,8.920000,9.100000,8.683190,296500
MGLU3,2023-01-19,3.470000,3.920000,3.460000,3.810000,3.810000,268759600
PETR3,2023-01-19,28.350000,29.540001,28.309999,29.500000,24.253277,13175800
VALE3,2023-01-19,93.800003,94.370003,93.320000,93.739998,89.039406,21712500
BBAS3,2023-01-20,39.209999,40.299999,39.110001,40.070000,37.288792,30711200
ITSA3,2023-01-20,9.060000,9.080000,8.940000,8.990000,8.578229,92600
MGLU3,2023-01-20,3.850000,3.880000,3.730000,3.820000,3.820000,158285100
PETR3,2023-01-20,29.450001,29.940001,28.889999,29.830000,24.524582,14077700
VALE3,2023-01-20,93.900002,94.570000,93.500000,93.989998,89.276871,27103900
BBAS3,2023-01-23,40.070000,41.250000,39.130001,39.770000,37.009609,29114500
ITSA3,2023-01-23,8.970000,9.010000,8.760000,8.920000,8.511435,301900
MGLU3,2023-01-23,3.860000,4.090000,3.840000,4.040000,4.040000,180447500
PETR3,2023-01-23,29.879999,31.219999,29.650000,30.520000,25.091864,12311000
VALE3,2023-01-23,94.349998,94.699997,93.699997,94.300003,89.571335,13534300
BBAS3,2023-01-24,39.770000,40.389999,39.279999,39.570000,36.823498,16577900
ITSA3,2023-01-24,8.900000,8.950000,8.800000,8.910000,8.501893,169700
MGLU3,2023-01-24,4.080000,4.450000,4.050000,4.390000,4.390000,228809000
PETR3,2023-01-24,30.780001,31.490000,30.010000,30.290001,24.902769,13961700
VALE3,2023-01-24,94.309998,95.300003,93.199997,95.300003,90.521187,17439800
BBAS3,2023-01-25,39.410000,40.990002,38.869999,40.650002,37.828541,15233000
ITSA3,2023-01-25,8.910000,8.950000,8.800000,8.840000,8.435099,135400
MGLU3,2023-01-25,4.390000,4.670000,4.290000,4.350000,4.350000,233689700
PETR3,2023-01-25,30.280001,30.469999,29.360001,30.420000,25.009649,13845800
VALE3,2023-01-25,95.199997,96.400002,94.769997,96.199997,91.376045,18282900
BBAS3,2023-01-26,40.779999,41.480000,40.570000,40.630001,37.809925,13150700
ITSA3,2023-01-26,8.970000,8.970000,8.800000,8.840000,8.435099,145900
MGLU3,2023-01-26,4.380000,4.460000,4.200000,4.280000,4.280000,183211400
PETR3,2023-01-26,30.420000,30.570000,28.920000,29.570000,24.310825,18648100
VALE3,2023-01-26,96.500000,98.000000,96.389999,98.000000,93.085800,26876000
BBAS3,2023-01-27,40.919998,40.959999,39.689999,40.180000,37.391155,12428300
ITSA3,2023-01-27,8.870000,8.870000,8.730000,8.800000,8.396930,308600
MGLU3,2023-01-27,4.310000,4.580000,4.290000,4.530000,4.530000,147788900
PETR3,2023-01-27,29.580000,29.590000,28.700001,28.900000,23.759989,11009000
VALE3,2023-01-27,97.849998,98.290001,94.830002,95.320000,90.540184,34682400
BBAS3,2023-01-30,40.400002,40.910000,40.060001,40.810001,37.977432,14247900
ITSA3,2023-01-30,8.800000,8.830000,8.650000,8.830000,8.425558,223000
MGLU3,2023-01-30,4.590000,4.650000,4.280000,4.360000,4.360000,154878400
PETR3,2023-01-30,29.240000,29.320000,28.660000,28.990000,23.833982,8885900
VALE3,2023-01-30,95.900002,96.300003,94.190002,94.980003,90.217239,23820000
BBAS3,2023-01-31,40.950001,41.200001,40.419998,40.700001,37.875065,14784600
ITSA3,2023-01-31,8.850000,8.870000,8.760000,8.780000,8.377848,158400
MGLU3,2023-01-31,4.390000,4.490000,4.310000,4.430000,4.430000,111160000
PETR3,2023-01-31,28.990000,29.540001,28.730000,29.459999,24.220390,13732300
VALE3,2023-01-31,94.309998,94.879997,93.849998,94.510002,89.770805,20658600
BBAS3,2023-02-01,40.750000,41.049999,39.849998,40.209999,37.419075,13155700
ITSA3,2023-02-01,8.790000,8.830000,8.580000,8.600000,8.206092,209500
MGLU3,2023-02-01,4.400000,4.420000,4.160000,4.290000,4.290000,143788400
PETR3,2023-02-01,29.459999,29.870001,28.590000,28.879999,23.743546,13730800
VALE3,2023-02-01,95.199997,95.199997,91.589996,93.459999,88.773453,28818100
BBAS3,2023-02-02,40.009998,41.150002,39.250000,39.450001,36.711823,18524300
ITSA3,2023-02-02,8.600000,8.780000,8.580000,8.610000,8.215632,665100
MGLU3,2023-02-02,4.270000,4.540000,4.230000,4.340000,4.340000,147482500
PETR3,2023-02-02,28.799999,28.969999,27.360001,27.510000,22.617208,17308900
VALE3,2023-02-02,91.690002,91.959999,88.860001,89.139999,84.670082,37844400
BBAS3,2023-02-03,39.650002,39.939999,38.900002,39.200001,36.479183,12167400
ITSA3,2023-02-03,8.610000,8.640000,8.540000,8.590000,8.196550,164800
MGLU3,2023-02-03,4.370000,4.380000,4.190000,4.270000,4.270000,113736800
PETR3,2023-02-03,27.500000,28.430000,27.389999,27.840000,22.888515,13867500
VALE3,2023-02-03,89.760002,90.769997,88.690002,88.949997,84.489601,22545600
BBAS3,2023-02-06,39.070000,39.720001,38.619999,39.419998,36.683910,13656900
ITSA3,2023-02-06,8.590000,8.630000,8.490000,8.560000,8.167925,140700
MGLU3,2023-02-06,4.270000,4.370000,4.090000,4.130000,4.130000,104867600
PETR3,2023-02-06,27.850000,29.020000,27.850000,28.850000,23.718882,9973700
VALE3,2023-02-06,88.199997,88.250000,86.660004,87.839996,83.435257,17888700
BBAS3,2023-02-07,39.590000,39.680000,38.459999,38.880001,36.181385,12441900
ITSA3,2023-02-07,8.560000,8.560000,8.280000,8.400000,8.015253,191100
MGLU3,2023-02-07,4.170000,4.230000,3.880000,4.050000,4.050000,167794700
PETR3,2023-02-07,28.950001,29.250000,28.420000,28.700001,23.595560,9641500
VALE3,2023-02-07,87.589996,88.680000,86.989998,88.419998,83.986183,16259700
BBAS3,2023-02-08,39.169998,39.950001,38.910000,39.799999,37.037533,22242800
ITSA3,2023-02-08,8.400000,8.990000,8.400000,8.970000,8.559145,424900
MGLU3,2023-02-08,4.110000,4.230000,4.010000,4.220000,4.220000,144116800
PETR3,2023-02-08,28.910000,29.350000,28.730000,29.280001,24.072405,7466400
VALE3,2023-02-08,89.099998,89.370003,87.599998,88.720001,84.271141,14411000
BBAS3,2023-02-09,39.930000,40.070000,39.130001,39.590000,36.842110,10654600
ITSA3,2023-02-09,8.970000,9.040000,8.760000,8.840000,8.435099,188800
MGLU3,2023-02-09,4.220000,4.340000,4.050000,4.110000,4.110000,127978300
PETR3,2023-02-09,29.260000,29.559999,29.080000,29.280001,24.072405,11087500
VALE3,2023-02-09,88.720001,89.550003,87.470001,88.389999,83.957687,19782200
BBAS3,2023-02-10,39.349998,40.610001,38.939999,40.369999,37.567974,14915700
ITSA3,2023-02-10,8.840000,8.840000,8.650000,8.670000,8.272885,157700
MGLU3,2023-02-10,4.060000,4.140000,3.960000,3.990000,3.990000,118030000
PETR3,2023-02-10,29.270000,30.250000,29.270000,30.080000,24.730120,22158500
VALE3,2023-02-10,88.180000,88.949997,86.360001,86.800003,82.447426,18099100
BBAS3,2023-02-13,40.730000,41.139999,40.029999,40.599998,37.782001,16244800
ITSA3,2023-02-13,8.670000,8.930000,8.670000,8.860000,8.454182,131100
MGLU3,2023-02-13,3.990000,4.200000,3.910000,4.130000,4.130000,118107700
PETR3,2023-02-13,30.000000,30.350000,29.620001,30.230000,24.853439,11668100
VALE3,2023-02-13,85.919998,87.110001,85.300003,86.709999,82.361931,13798500
BBAS3,2023-02-14,42.279999,42.750000,41.250000,41.549999,38.666069,59231000
ITSA3,2023-02-14,8.860000,9.020000,8.820000,8.940000,8.530519,204300
MGLU3,2023-02-14,4.150000,4.220000,4.010000,4.060000,4.060000,115253900
PETR3,2023-02-14,30.230000,30.440001,29.980000,30.049999,24.705456,9956000
VALE3,2023-02-14,87.000000,87.720001,86.529999,87.099998,82.732376,20072400
BBAS3,2023-02-15,41.779999,42.180000,41.180000,41.930000,39.019695,24571900
ITSA3,2023-02-15,8.930000,9.000000,8.840000,8.910000,8.501893,111200
MGLU3,2023-02-15,4.040000,4.080000,3.830000,3.890000,3.890000,201460500
PETR3,2023-02-15,29.830000,30.400000,29.709999,30.180000,24.812334,13372000
VALE3,2023-02-15,87.099998,89.239998,86.559998,89.000000,84.537094,28465800
BBAS3,2023-02-16,41.650002,42.590000,41.369999,42.400002,39.457073,21507400
ITSA3,2023-02-16,8.940000,9.000000,8.850000,8.960000,8.549602,54200
MGLU3,2023-02-16,3.890000,3.940000,3.710000,3.810000,3.810000,151942100
PETR3,2023-02-16,30.000000,30.480000,30.000000,30.150000,24.787670,10013900
VALE3,2023-02-16,89.290001,90.260002,88.900002,89.190002,84.717575,28740800
BBAS3,2023-02-17,42.349998,43.130001,41.980000,42.820000,39.847916,22363700
ITSA3,2023-02-17,8.960000,8.960000,8.830000,8.860000,8.454182,91100
MGLU3,2023-02-17,3.750000,3.800000,3.640000,3.660000,3.660000,93416200
PETR3,2023-02-17,30.120001,30.129999,29.690001,29.690001,24.409483,9980100
VALE3,2023-02-17,89.599998,89.750000,87.540001,88.029999,83.615738,26381400
BBAS3,2023-02-22,42.799999,42.810001,41.660000,41.759998,38.861488,11164100
ITSA3,2023-02-22,8.860000,8.860000,8.710000,8.780000,8.377848,46500
MGLU3,2023-02-22,3.600000,3.600000,3.450000,3.520000,3.520000,72979400
PETR3,2023-02-22,29.090000,29.430000,28.950001,28.950001,23.801096,9615800
VALE3,2023-02-22,87.050003,88.449997,86.570000,87.360001,82.979332,16864400
BBAS3,2023-02-23,41.900002,42.599998,41.680000,42.099998,39.177895,24147100
ITSA3,2023-02-23,8.780000,8.900000,8.710000,8.840000,8.435099,112000
MGLU3,2023-02-23,3.530000,3.670000,3.490000,3.560000,3.560000,83697000
PETR3,2023-02-23,28.950001,30.320000,28.950001,30.030001,24.689013,15815200
VALE3,2023-02-23,87.000000,88.070000,85.550003,86.949997,82.589890,21485100
BBAS3,2023-02-24,41.360001,41.529999,40.240002,40.480000,38.425034,12275400
ITSA3,2023-02-24,8.840000,8.840000,8.550000,8.550000,8.158381,150500
MGLU3,2023-02-24,3.660000,3.870000,3.570000,3.610000,3.610000,127658800
PETR3,2023-02-24,30.030001,30.170000,29.469999,29.580000,24.319046,14924500
VALE3,2023-02-24,86.050003,86.480003,84.650002,85.040001,80.775673,17183900
BBAS3,2023-02-27,40.490002,40.740002,39.720001,39.930000,37.902954,11236200
ITSA3,2023-02-27,8.550000,8.610000,8.360000,8.360000,7.977084,145600
MGLU3,2023-02-27,3.690000,3.770000,3.590000,3.650000,3.650000,102066100
PETR3,2023-02-27,29.440001,30.420000,29.360001,30.070000,24.721897,16604500
VALE3,2023-02-27,84.559998,85.379997,83.650002,85.040001,80.775673,14422200
BBAS3,2023-02-28,40.139999,40.790001,39.900002,40.299999,38.254173,16665100
ITSA3,2023-02-28,8.370000,8.540000,8.370000,8.430000,8.043880,103000
MGLU3,2023-02-28,3.660000,3.740000,3.590000,3.590000,3.590000,71491900
PETR3,2023-02-28,30.040001,30.719999,28.750000,28.750000,23.636667,28691200
VALE3,2023-02-28,85.059998,86.500000,84.339996,85.320000,81.041626,21127300
BBAS3,2023-03-01,40.299999,40.299999,38.369999,39.000000,37.020168,27264800
ITSA3,2023-03-01,8.440000,8.470000,8.300000,8.320000,7.961138,130200
MGLU3,2023-03-01,3.640000,3.650000,3.220000,3.230000,3.230000,139734500
PETR3,2023-03-01,28.799999,28.870001,27.379999,28.750000,23.636667,25407100
VALE3,2023-03-01,87.769997,89.849998,87.500000,89.199997,84.727066,30916600
BBAS3,2023-03-02,39.000000,39.080002,37.369999,37.430000,35.529865,17489300
ITSA3,2023-03-02,8.320000,8.440000,8.140000,8.140000,7.788902,122000
MGLU3,2023-03-02,3.240000,3.290000,3.110000,3.150000,3.150000,94544200
PETR3,2023-03-02,28.940001,29.180000,27.780001,27.959999,22.987171,16485500
VALE3,2023-03-02,89.199997,90.139999,88.419998,89.000000,84.537094,21740900
BBAS3,2023-03-03,37.700001,38.320000,37.330002,37.849998,35.928547,16858900
ITSA3,2023-03-03,8.160000,8.280000,8.160000,8.250000,7.894157,134700
MGLU3,2023-03-03,3.160000,3.180000,3.000000,3.020000,3.020000,118111800
PETR3,2023-03-03,27.950001,29.030001,27.770000,28.980000,23.825760,14009500
VALE3,2023-03-03,90.099998,90.300003,88.809998,89.300003,84.822060,19783400
BBAS3,2023-03-06,37.869999,39.009998,37.869999,38.709999,36.744892,10232600
ITSA3,2023-03-06,8.300000,8.460000,8.250000,8.330000,7.970706,145200
MGLU3,2023-03-06,3.040000,3.250000,2.940000,3.190000,3.190000,140828400
PETR3,2023-03-06,29.000000,29.469999,28.740000,29.410000,24.179283,12267300
VALE3,2023-03-06,87.430000,87.900002,86.120003,86.150002,81.830009,27298600
BBAS3,2023-03-07,39.000000,39.779999,38.500000,39.599998,37.589703,19313500
ITSA3,2023-03-07,8.330000,8.360000,8.240000,8.360000,7.999412,249200
MGLU3,2023-03-07,3.190000,3.260000,3.130000,3.220000,3.220000,86132300
PETR3,2023-03-07,29.110001,29.240000,28.250000,28.520000,23.447575,11875100
VALE3,2023-03-07,86.849998,87.400002,84.800003,85.330002,81.051132,20898200
BBAS3,2023-03-08,39.700001,40.380001,39.570000,40.000000,37.969402,13021300
ITSA3,2023-03-08,8.300000,8.500000,8.260000,8.450000,8.085532,166000
MGLU3,2023-03-08,3.210000,3.540000,3.190000,3.430000,3.430000,154796900
PETR3,2023-03-08,28.590000,29.379999,28.500000,28.959999,23.809317,16672600
VALE3,2023-03-08,85.599998,86.410004,85.400002,86.110001,81.792015,22274800
BBAS3,2023-03-09,39.930000,40.189999,39.130001,39.130001,37.143566,12388700
ITSA3,2023-03-09,8.500000,8.510000,8.370000,8.420000,8.056825,134100
MGLU3,2023-03-09,3.400000,3.570000,3.360000,3.390000,3.390000,105372200
PETR3,2023-03-09,28.830000,29.740000,28.549999,28.600000,23.513346,14771700
VALE3,2023-03-09,85.129997,86.489998,84.820000,84.980003,80.718681,24439300
BBAS3,2023-03-10,39.000000,39.060001,38.020000,38.389999,36.441135,12892900
ITSA3,2023-03-10,8.450000,8.450000,8.240000,8.330000,7.970706,175100
MGLU3,2023-03-10,3.170000,3.420000,3.000000,3.400000,3.400000,241854000
PETR3,2023-03-10,28.290001,28.930000,28.230000,28.400000,23.348915,13388000
VALE3,2023-03-10,84.599998,86.180000,84.269997,84.699997,80.452721,21820200
BBAS3,2023-03-13,38.130001,38.570000,37.790001,38.150002,36.213318,9140200
ITSA3,2023-03-13,8.330000,8.330000,8.120000,8.180000,7.827176,197800
MGLU3,2023-03-13,3.360000,3.840000,3.330000,3.720000,3.720000,189746500
PETR3,2023-03-13,27.940001,28.090000,27.360001,27.500000,22.608984,10204000
VALE3,2023-03-13,84.370003,86.000000,84.050003,85.050003,80.785179,23460200
BBAS3,2023-03-14,37.919998,38.139999,37.230000,37.509998,35.937424,11087400
ITSA3,2023-03-14,8.260000,8.260000,8.140000,8.210000,7.855883,142800
MGLU3,2023-03-14,3.720000,3.880000,3.670000,3.730000,3.730000,128858200
PETR3,2023-03-14,27.629999,28.070000,26.860001,27.010000,22.206135,9466300
VALE3,2023-03-14,83.120003,84.349998,82.900002,83.980003,81.520630,18077900
BBAS3,2023-03-15,36.840000,37.790001,36.750000,37.549999,35.975750,11569500
ITSA3,2023-03-15,8.200000,8.240000,8.050000,8.190000,7.836744,216100
MGLU3,2023-03-15,3.650000,3.880000,3.570000,3.810000,3.810000,134376300
PETR3,2023-03-15,26.600000,26.690001,25.700001,26.350000,21.663519,19501500
VALE3,2023-03-15,82.000000,83.089996,80.099998,81.449997,79.064720,34103400
BBAS3,2023-03-16,37.669998,38.160000,37.299999,37.950001,36.358982,12777800
ITSA3,2023-03-16,8.300000,8.300000,8.170000,8.290000,7.932432,205600
MGLU3,2023-03-16,3.850000,3.990000,3.840000,3.890000,3.890000,99487300
PETR3,2023-03-16,26.370001,26.530001,25.969999,26.250000,21.581305,9928600
VALE3,2023-03-16,81.220001,82.150002,80.709999,81.750000,79.355934,20573400
BBAS3,2023-03-17,37.599998,38.119999,37.299999,37.299999,35.736229,21046700
ITSA3,2023-03-17,8.260000,8.270000,8.120000,8.170000,7.817607,144600
MGLU3,2023-03-17,3.880000,3.920000,3.760000,3.780000,3.780000,80268000
PETR3,2023-03-17,26.000000,26.370001,25.700001,26.360001,21.671741,25338900
VALE3,2023-03-17,82.910004,83.500000,82.629997,82.730003,80.307236,39906400
BBAS3,2023-03-20,37.310001,38.080002,36.700001,37.090000,35.535034,10493700
ITSA3,2023-03-20,8.170000,8.230000,8.070000,8.070000,7.721921,128400
MGLU3,2023-03-20,3.850000,3.880000,3.640000,3.710000,3.710000,83912100
PETR3,2023-03-20,26.500000,26.650000,25.660000,25.740000,21.162012,11113900
VALE3,2023-03-20,82.720001,83.989998,81.809998,83.410004,80.967323,19650900
BBAS3,2023-03-21,37.310001,37.770000,37.279999,37.529999,35.956585,8919400
ITSA3,2023-03-21,8.090000,8.300000,8.090000,8.120000,7.769765,139700
MGLU3,2023-03-21,3.730000,3.780000,3.670000,3.700000,3.700000,61171000
PETR3,2023-03-21,25.940001,26.549999,25.930000,26.309999,21.630632,7613700
VALE3,2023-03-21,83.220001,83.440002,81.540001,82.709999,80.287819,15692200
BBAS3,2023-03-22,37.540001,38.250000,37.400002,37.619999,36.042812,11859200
ITSA3,2023-03-22,8.220000,8.250000,8.120000,8.160000,7.808039,113300
MGLU3,2023-03-22,3.690000,3.750000,3.560000,3.590000,3.590000,119055600
PETR3,2023-03-22,26.320000,26.450001,25.950001,26.080000,21.441540,7306500
VALE3,2023-03-22,82.000000,82.750000,81.610001,81.680000,79.287987,18085500
BBAS3,2023-03-23,37.720001,38.139999,36.779999,37.209999,35.650005,11420400
ITSA3,2023-03-23,8.160000,8.220000,8.000000,8.060000,7.712354,163700
MGLU3,2023-03-23,3.600000,3.600000,3.040000,3.110000,3.110000,250190300
PETR3,2023-03-23,26.180000,26.549999,25.430000,25.570000,21.022245,16280300
VALE3,2023-03-23,81.519997,82.180000,78.809998,79.580002,77.249489,26000100
BBAS3,2023-03-24,37.330002,37.930000,37.049999,37.590000,36.014072,7940300
ITSA3,2023-03-24,8.000000,8.150000,7.930000,8.130000,7.854665,157300
MGLU3,2023-03-24,3.220000,3.300000,3.100000,3.230000,3.230000,118058300
PETR3,2023-03-24,25.570000,25.940001,25.250000,25.660000,21.096239,11495300
VALE3,2023-03-24,79.690002,79.860001,78.089996,78.669998,76.366135,27801900
BBAS3,2023-03-27,37.980000,38.150002,37.430000,37.610001,36.033237,6914400
ITSA3,2023-03-27,8.200000,8.220000,8.100000,8.160000,7.883648,119200
MGLU3,2023-03-27,3.290000,3.400000,3.260000,3.340000,3.340000,75519600
PETR3,2023-03-27,26.000000,26.170000,25.610001,26.049999,21.416876,10084900
VALE3,2023-03-27,79.510002,80.080002,78.029999,78.540001,76.239944,14202900
BBAS3,2023-03-28,37.610001,38.080002,37.509998,37.869999,36.282330,7944700
ITSA3,2023-03-28,8.160000,8.220000,8.140000,8.180000,7.902970,47700
MGLU3,2023-03-28,3.330000,3.420000,3.240000,3.380000,3.380000,81280700
PETR3,2023-03-28,26.010000,26.500000,25.940001,26.500000,21.786842,10928600
VALE3,2023-03-28,78.720001,79.900002,78.589996,79.370003,77.045639,13866800
BBAS3,2023-03-29,38.040001,38.430000,37.650002,38.310001,36.703888,7197800
ITSA3,2023-03-29,8.180000,8.250000,8.100000,8.190000,7.912631,98400
MGLU3,2023-03-29,3.420000,3.460000,3.210000,3.350000,3.350000,102855100
PETR3,2023-03-29,26.570000,26.860001,26.309999,26.780001,22.017042,10947700
VALE3,2023-03-29,79.989998,80.839996,79.839996,80.510002,78.152252,17345200
BBAS3,2023-03-30,38.950001,39.189999,38.400002,39.009998,37.374542,13147600
ITSA3,2023-03-30,8.210000,8.390000,8.200000,8.250000,7.970600,261000
MGLU3,2023-03-30,3.430000,3.580000,3.420000,3.440000,3.440000,99832400
PETR3,2023-03-30,27.160000,27.280001,26.629999,27.080000,22.263685,10036200
VALE3,2023-03-30,81.699997,81.949997,81.150002,81.820000,79.423882,14249000
BBAS3,2023-03-31,39.160000,39.520000,38.570000,39.110001,37.470348,8450100
ITSA3,2023-03-31,8.260000,8.400000,8.260000,8.330000,8.047890,189700
MGLU3,2023-03-31,3.440000,3.470000,3.230000,3.310000,3.310000,83482700
PETR3,2023-03-31,27.090000,27.299999,26.309999,26.490000,21.778618,17018900
VALE3,2023-03-31,81.599998,82.169998,79.910004,80.290001,77.938690,22468400
BBAS3,2023-04-03,39.209999,39.279999,38.209999,38.650002,37.029633,8960300
ITSA3,2023-04-03,8.330000,8.390000,8.190000,8.230000,7.951276,127100
MGLU3,2023-04-03,3.330000,3.360000,3.190000,3.310000,3.310000,64968800
PETR3,2023-04-03,27.240000,27.770000,26.920000,27.750000,22.814522,12237600
VALE3,2023-04-03,79.800003,80.389999,79.410004,80.309998,77.958107,13510200
BBAS3,2023-04-04,38.900002,39.480000,38.730000,39.290001,37.642799,8235800
ITSA3,2023-04-04,8.250000,8.380000,8.250000,8.300000,8.018907,93300
MGLU3,2023-04-04,3.330000,3.460000,3.210000,3.220000,3.220000,99983500
PETR3,2023-04-04,27.959999,27.990000,27.240000,27.360001,22.493887,6970600
VALE3,2023-04-04,79.959999,80.180000,77.750000,78.040001,75.754585,20485600
BBAS3,2023-04-05,39.349998,39.680000,38.830002,39.150002,37.508675,7766200
ITSA3,2023-04-05,8.310000,8.370000,8.260000,8.270000,7.989923,92000
MGLU3,2023-04-05,3.240000,3.320000,3.140000,3.280000,3.280000,111071700
PETR3,2023-04-05,27.280001,27.600000,26.490000,27.400000,22.526772,16004500
VALE3,2023-04-05,77.750000,77.760002,75.900002,76.889999,74.638260,25382600
BBAS3,2023-04-06,39.240002,39.340000,38.849998,39.020000,37.384125,6680900
ITSA3,2023-04-06,8.270000,8.330000,8.220000,8.220000,7.941616,102300
MGLU3,2023-04-06,3.260000,3.410000,3.250000,3.370000,3.370000,71421700
PETR3,2023-04-06,27.379999,27.469999,26.990000,27.080000,22.263685,6967800
VALE3,2023-04-06,76.669998,77.500000,76.279999,76.750000,74.502365,13976800
BBAS3,2023-04-10,39.349998,39.689999,38.970001,39.040001,37.403282,10958400
ITSA3,2023-04-10,8.230000,8.370000,8.230000,8.240000,7.960939,154000
MGLU3,2023-04-10,3.390000,3.450000,3.350000,3.350000,3.350000,56053800
PETR3,2023-04-10,27.200001,27.820000,27.170000,27.799999,22.855629,8275300
VALE3,2023-04-10,76.750000,78.260002,76.699997,78.230003,75.939026,13849000
BBAS3,2023-04-11,39.299999,40.130001,39.250000,39.939999,38.265545,13342900
ITSA3,2023-04-11,8.270000,8.550000,8.270000,8.520000,8.231456,122100
MGLU3,2023-04-11,3.460000,3.870000,3.450000,3.780000,3.780000,244432900
PETR3,2023-04-11,28.410000,29.080000,27.990000,29.020000,23.858644,18090400
VALE3,2023-04-11,80.500000,82.949997,80.059998,82.360001,79.948074,34226000
BBAS3,2023-04-12,40.060001,43.250000,40.009998,42.720001,40.929005,63971600
ITSA3,2023-04-12,8.550000,8.810000,8.540000,8.670000,8.376375,207100
MGLU3,2023-04-12,3.880000,3.930000,3.770000,3.880000,3.880000,152501900
PETR3,2023-04-12,29.250000,29.400000,28.639999,29.040001,23.875090,16571100
VALE3,2023-04-12,82.750000,82.800003,80.290001,80.599998,78.239609,32702000
BBAS3,2023-04-13,42.639999,43.389999,42.400002,42.700001,40.909847,18396800
ITSA3,2023-04-13,8.670000,8.760000,8.640000,8.710000,8.415021,225500
MGLU3,2023-04-13,3.890000,3.970000,3.780000,3.860000,3.860000,97397100
PETR3,2023-04-13,29.219999,29.480000,29.110001,29.379999,24.154617,9817100
VALE3,2023-04-13,80.000000,80.730003,78.970001,79.510002,77.181534,21361900
BBAS3,2023-04-14,42.619999,43.490002,42.150002,43.430000,41.609238,21129000
ITSA3,2023-04-14,8.710000,8.820000,8.650000,8.770000,8.472990,94100
MGLU3,2023-04-14,3.810000,3.850000,3.720000,3.740000,3.740000,89414800
PETR3,2023-04-14,29.309999,29.830000,29.230000,29.820000,24.516361,8774000
VALE3,2023-04-14,79.099998,79.800003,78.000000,78.809998,76.502029,22693200
BBAS3,2023-04-17,43.369999,43.750000,43.020000,43.529999,41.705044,12049000
ITSA3,2023-04-17,8.770000,8.820000,8.710000,8.750000,8.453668,54600
MGLU3,2023-04-17,3.770000,3.770000,3.640000,3.660000,3.660000,89761000
PETR3,2023-04-17,29.730000,30.160000,29.690001,29.950001,24.623243,10787100
VALE3,2023-04-17,79.480003,80.440002,77.449997,77.870003,75.589561,21479200
BBAS3,2023-04-18,43.549999,43.669998,43.029999,43.610001,41.781693,8675300
ITSA3,2023-04-18,8.750000,8.790000,8.670000,8.710000,8.415021,84600
MGLU3,2023-04-18,3.700000,3.730000,3.530000,3.540000,3.540000,108901600
PETR3,2023-04-18,30.040001,30.940001,29.820000,30.709999,25.248072,15977600
VALE3,2023-04-18,78.790001,78.930000,77.660004,78.540001,76.239944,15193400
BBAS3,2023-04-19,43.389999,43.520000,42.840000,43.099998,41.293068,10504800
ITSA3,2023-04-19,8.710000,8.710000,8.630000,8.680000,8.386038,68600
MGLU3,2023-04-19,3.500000,3.510000,3.230000,3.250000,3.250000,151845400
PETR3,2023-04-19,30.510000,30.559999,29.650000,29.730000,24.442368,18339300
VALE3,2023-04-19,77.300003,77.620003,75.019997,76.250000,74.017006,31128000
BBAS3,2023-04-20,42.980000,43.599998,42.709999,43.509998,41.685879,10363100
ITSA3,2023-04-20,8.680000,8.690000,8.600000,8.620000,8.328069,104700
MGLU3,2023-04-20,3.300000,3.350000,3.230000,3.300000,3.300000,112006200
PETR3,2023-04-20,29.840000,30.150000,29.400000,29.820000,24.516361,7714700
VALE3,2023-04-20,75.900002,76.459999,74.529999,74.660004,72.473572,31112800
BBAS3,2023-04-24,43.419998,44.040001,43.049999,43.419998,41.599651,10259800
ITSA3,2023-04-24,8.600000,8.760000,8.590000,8.700000,8.405359,322600
MGLU3,2023-04-24,3.300000,3.430000,3.290000,3.390000,3.390000,91382200
PETR3,2023-04-24,29.750000,30.379999,29.629999,30.280001,24.894548,13865600
VALE3,2023-04-24,72.199997,72.540001,71.589996,71.959999,69.852638,29754000
BBAS3,2023-04-25,43.000000,43.330002,42.730000,43.020000,41.216423,11845600
ITSA3,2023-04-25,8.690000,8.730000,8.660000,8.690000,8.395699,74300
MGLU3,2023-04-25,3.370000,3.390000,3.230000,3.280000,3.280000,82634400
PETR3,2023-04-25,30.299999,30.559999,29.780001,30.120001,24.763006,15626100
VALE3,2023-04-25,71.199997,71.199997,69.709999,70.000000,67.950035,31799200
BBAS3,2023-04-26,43.259998,43.259998,42.520000,42.669998,40.881092,11816500
ITSA3,2023-04-26,8.700000,8.700000,8.590000,8.630000,8.337730,62900
MGLU3,2023-04-26,3.310000,3.320000,3.090000,3.110000,3.110000,117422100
PETR3,2023-04-26,30.049999,30.230000,29.670000,29.690001,24.409483,20280800
VALE3,2023-04-26,71.000000,71.430000,70.269997,70.269997,68.212128,25907200
BBAS3,2023-04-27,42.669998,43.200001,42.520000,42.720001,40.929005,6186400
ITSA3,2023-04-27,8.610000,8.740000,8.610000,8.740000,8.444006,81300
MGLU3,2023-04-27,3.130000,3.200000,3.040000,3.200000,3.200000,93945400
PETR3,2023-04-27,29.820000,30.100000,28.740000,28.900000,23.759989,29553800
VALE3,2023-04-27,69.699997,71.779999,69.180000,71.760002,69.658493,31717800
BBAS3,2023-04-28,43.009998,43.299999,42.349998,42.860001,41.063133,10398000
ITSA3,2023-04-28,8.770000,8.840000,8.670000,8.800000,8.501974,107700
MGLU3,2023-04-28,3.220000,3.340000,3.140000,3.340000,3.340000,81255600
PETR3,2023-04-28,26.620001,27.100000,25.870001,26.670000,24.344637,34127900
VALE3,2023-04-28,71.629997,72.419998,71.059998,72.400002,70.279755,33277500
BBAS3,2023-05-02,42.759998,42.759998,41.720001,41.840000,40.085896,12619600
ITSA3,2023-05-02,8.800000,8.830000,8.510000,8.550000,8.260440,149600
MGLU3,2023-05-02,3.350000,3.350000,3.230000,3.240000,3.240000,64134100
PETR3,2023-05-02,26.500000,26.610001,25.330000,25.480000,23.258392,22026800
VALE3,2023-05-02,71.300003,71.599998,69.320000,69.540001,67.503510,37367900
BBAS3,2023-05-03,42.060001,42.119999,41.560001,41.709999,39.961346,5630900
ITSA3,2023-05-03,8.550000,8.560000,8.490000,8.540000,8.250778,84400
MGLU3,2023-05-03,3.270000,3.370000,3.230000,3.340000,3.340000,88790500
PETR3,2023-05-03,25.320000,25.750000,25.209999,25.340000,23.130600,13186900
VALE3,2023-05-03,69.940002,70.080002,68.860001,69.000000,66.979324,19958300
BBAS3,2023-05-04,42.000000,42.450001,41.540001,42.180000,40.411644,7376000
ITSA3,2023-05-04,8.520000,8.660000,8.470000,8.650000,8.357052,103900
MGLU3,2023-05-04,3.360000,3.640000,3.360000,3.570000,3.570000,151042400
PETR3,2023-05-04,25.620001,26.110001,25.260000,25.709999,23.468338,11043100
VALE3,2023-05-04,69.050003,69.330002,66.709999,66.860001,64.901993,35996200
BBAS3,2023-05-05,42.189999,43.310001,42.189999,43.250000,41.436779,7191100
ITSA3,2023-05-05,8.600000,8.900000,8.590000,8.830000,8.530957,270600
MGLU3,2023-05-05,3.570000,3.840000,3.530000,3.810000,3.810000,146519800
PETR3,2023-05-05,26.000000,26.850000,25.889999,26.790001,24.454174,10892400
VALE3,2023-05-05,67.690002,69.250000,67.230003,69.040001,67.018150,27107300
BBAS3,2023-05-08,43.439999,43.779999,42.959999,43.080002,41.273911,8097600
ITSA3,2023-05-08,8.840000,9.020000,8.840000,8.880000,8.579264,136400
MGLU3,2023-05-08,3.820000,4.000000,3.820000,3.870000,3.870000,109954800
PETR3,2023-05-08,27.200001,27.490000,26.980000,27.230000,24.855808,8232300
VALE3,2023-05-08,70.699997,71.160004,69.849998,69.970001,67.920914,24917600
BBAS3,2023-05-09,42.990002,43.410000,42.669998,42.950001,41.149361,10115800
ITSA3,2023-05-09,8.910000,9.050000,8.890000,8.950000,8.646892,122100
MGLU3,2023-05-09,3.840000,4.270000,3.820000,4.140000,4.140000,160941400
PETR3,2023-05-09,27.160000,27.610001,27.000000,27.440001,25.047501,8120900
VALE3,2023-05-09,69.500000,70.709999,68.680000,70.690002,68.619835,18717400
BBAS3,2023-05-10,43.000000,43.599998,42.599998,43.509998,41.685879,10522200
ITSA3,2023-05-10,8.950000,9.060000,8.900000,9.050000,8.743507,107300
MGLU3,2023-05-10,4.170000,4.360000,4.160000,4.290000,4.290000,112188500
PETR3,2023-05-10,27.320000,27.760000,27.100000,27.490000,25.093142,9515100
VALE3,2023-05-10,70.889999,71.059998,68.690002,69.360001,67.328781,24792600
BBAS3,2023-05-11,43.419998,44.619999,43.070000,44.400002,42.538570,13579900
ITSA3,2023-05-11,9.040000,9.160000,9.020000,9.130000,8.820797,112900
MGLU3,2023-05-11,4.340000,4.430000,4.200000,4.350000,4.350000,103165200
PETR3,2023-05-11,27.170000,28.450001,26.830000,28.150000,25.695595,20295300
VALE3,2023-05-11,68.000000,68.290001,67.360001,68.010002,66.018318,27709000
BBAS3,2023-05-12,44.049999,44.689999,43.900002,44.230000,42.375694,12208700
ITSA3,2023-05-12,9.130000,9.130000,9.020000,9.030000,8.724185,187000
MGLU3,2023-05-12,4.300000,4.360000,4.210000,4.310000,4.310000,69964900
PETR3,2023-05-12,28.040001,29.820000,28.040001,29.139999,26.599276,20210400
VALE3,2023-05-12,67.900002,68.570000,67.410004,68.080002,66.086266,17578100
BBAS3,2023-05-15,44.490002,44.849998,44.029999,44.439999,42.576897,8632500
ITSA3,2023-05-15,9.070000,9.130000,9.050000,9.060000,8.753168,72300
MGLU3,2023-05-15,4.350000,4.460000,4.270000,4.380000,4.380000,88835600
PETR3,2023-05-15,28.719999,28.959999,28.250000,28.559999,26.069847,18048800
VALE3,2023-05-15,69.300003,70.129997,68.919998,69.059998,67.037560,21020000
BBAS3,2023-05-16,44.439999,44.740002,42.930000,43.160000,41.350555,21607700
ITSA3,2023-05-16,9.070000,9.210000,8.990000,8.990000,8.685538,213500
MGLU3,2023-05-16,4.010000,4.100000,3.350000,3.380000,3.380000,347752900
PETR3,2023-05-16,28.559999,29.990000,28.559999,29.200001,26.654045,31615500
VALE3,2023-05-16,69.000000,69.199997,67.599998,67.639999,65.659149,23990300
BBAS3,2023-05-17,43.250000,43.849998,42.930000,43.230000,41.417618,17523100
ITSA3,2023-05-17,9.000000,9.200000,9.000000,9.130000,8.820797,64800
MGLU3,2023-05-17,3.500000,3.530000,3.270000,3.360000,3.360000,184213700
PETR3,2023-05-17,29.530001,29.639999,28.809999,29.020000,26.489740,24810700
VALE3,2023-05-17,69.120003,70.239998,68.809998,69.879997,67.833549,30913100
BBAS3,2023-05-18,43.099998,43.320000,42.799999,43.200001,41.388882,11712000
ITSA3,2023-05-18,9.100000,9.130000,8.990000,9.100000,8.791814,42100
MGLU3,2023-05-18,3.370000,3.590000,3.330000,3.540000,3.540000,178294200
PETR3,2023-05-18,28.930000,29.180000,28.580000,29.150000,26.608404,22533900
VALE3,2023-05-18,69.879997,70.320000,69.120003,69.980003,67.930626,23710600
BBAS3,2023-05-19,43.340000,44.119999,42.990002,44.040001,42.193665,33966000
ITSA3,2023-05-19,9.110000,9.130000,9.010000,9.070000,8.762829,122400
MGLU3,2023-05-19,3.580000,3.730000,3.530000,3.640000,3.640000,146332000
PETR3,2023-05-19,29.500000,29.570000,29.170000,29.290001,26.736198,13250200
VALE3,2023-05-19,70.500000,70.610001,69.129997,69.209999,67.183174,33892200
BBAS3,2023-05-22,44.049999,44.610001,43.439999,43.459999,41.637978,8075400
ITSA3,2023-05-22,9.070000,9.180000,9.020000,9.050000,8.743507,119500
MGLU3,2023-05-22,3.670000,3.870000,3.660000,3.800000,3.800000,126815600
PETR3,2023-05-22,29.280001,29.580000,28.750000,28.850000,26.334562,10456900
VALE3,2023-05-22,68.400002,68.900002,67.769997,68.099998,66.105675,18936200
BBAS3,2023-05-23,43.480000,44.630001,43.340000,44.480000,42.615215,12911200
ITSA3,2023-05-23,9.040000,9.170000,9.020000,9.060000,8.753168,60000
MGLU3,2023-05-23,3.830000,3.840000,3.640000,3.660000,3.660000,114830900
PETR3,2023-05-23,29.000000,29.730000,28.870001,29.450001,26.882248,10496500
VALE3,2023-05-23,67.500000,67.690002,66.510002,66.559998,64.610779,39413300
BBAS3,2023-05-24,44.480000,44.980000,44.160000,44.610001,42.739769,10921400
ITSA3,2023-05-24,9.060000,9.100000,8.970000,8.970000,8.666216,75100
MGLU3,2023-05-24,3.510000,3.720000,3.480000,3.630000,3.630000,105054300
PETR3,2023-05-24,29.299999,29.940001,29.209999,29.770000,27.174347,7177400
VALE3,2023-05-24,65.779999,65.779999,64.820000,65.050003,63.145000,33304700
BBAS3,2023-05-25,45.000000,45.400002,44.660000,44.660000,42.787670,11695400
ITSA3,2023-05-25,9.040000,9.200000,9.040000,9.110000,8.801475,92100
MGLU3,2023-05-25,3.740000,3.820000,3.720000,3.760000,3.760000,119519600
PETR3,2023-05-25,29.990000,29.990000,29.320000,29.549999,26.973526,10559200
VALE3,2023-05-25,65.800003,65.800003,64.779999,64.849998,62.950855,36934900
BBAS3,2023-05-26,45.250000,45.320000,44.150002,44.400002,42.538570,9590300
ITSA3,2023-05-26,9.210000,9.260000,9.060000,9.060000,8.753168,54200
MGLU3,2023-05-26,3.840000,3.870000,3.760000,3.820000,3.820000,76264400
PETR3,2023-05-26,29.879999,30.049999,29.580000,30.040001,27.420807,9729700
VALE3,2023-05-26,66.750000,67.040001,65.910004,66.330002,64.387512,38181700
BBAS3,2023-05-29,44.560001,44.560001,44.009998,44.320000,42.461922,3307900
ITSA3,2023-05-29,9.120000,9.120000,9.020000,9.050000,8.743507,75600
MGLU3,2023-05-29,3.840000,3.860000,3.740000,3.790000,3.790000,44990800
PETR3,2023-05-29,29.879999,30.040001,29.610001,29.850000,27.247372,3604000
VALE3,2023-05-29,67.339996,67.699997,65.739998,65.830002,63.902157,17320700
BBAS3,2023-05-30,44.799999,44.860001,44.209999,44.700001,42.825993,18427000
ITSA3,2023-05-30,9.070000,9.160000,8.950000,9.040000,8.733846,107900
MGLU3,2023-05-30,3.840000,3.900000,3.700000,3.730000,3.730000,77572200
PETR3,2023-05-30,29.790001,29.950001,29.370001,29.570000,26.991785,17077200
VALE3,2023-05-30,66.320000,66.320000,63.869999,64.279999,62.397545,39920700
BBAS3,2023-05-31,44.740002,45.139999,44.520000,44.619999,42.749344,17425400
ITSA3,2023-05-31,9.040000,9.040000,8.910000,8.910000,8.608248,81700
MGLU3,2023-05-31,3.710000,3.810000,3.660000,3.800000,3.800000,76635200
PETR3,2023-05-31,29.209999,29.580000,28.940001,29.209999,26.663174,18194000
VALE3,2023-05-31,64.279999,64.870003,63.509998,63.810001,61.941315,103408900
BBAS3,2023-06-01,44.790001,45.029999,44.259998,44.740002,42.864319,10196900
ITSA3,2023-06-01,8.910000,9.020000,8.880000,8.970000,8.689162,120100
MGLU3,2023-06-01,3.840000,4.060000,3.790000,4.060000,4.060000,106315800
PETR3,2023-06-01,29.309999,30.150000,29.250000,30.059999,27.439062,13359200
VALE3,2023-06-01,64.940002,65.769997,64.150002,65.160004,63.251781,51982400
BBAS3,2023-06-02,44.740002,44.740002,44.740002,44.740002,43.500610,0
ITSA3,2023-06-02,8.980000,9.240000,8.980000,9.200000,8.911962,147100
MGLU3,2023-06-02,4.060000,4.060000,4.060000,4.060000,4.060000,0
PETR3,2023-06-02,30.670000,30.740000,30.230000,30.420000,27.767673,10518400
VALE3,2023-06-02,68.000000,68.199997,67.370003,67.940002,65.950363,39185700
BBAS3,2023-06-05,44.599998,45.290001,44.150002,45.020000,43.772850,13667000
ITSA3,2023-06-05,9.200000,9.230000,9.130000,9.220000,8.931335,65000
MGLU3,2023-06-05,3.900000,3.970000,3.840000,3.890000,3.890000,60050600
PETR3,2023-06-05,30.639999,30.959999,30.389999,30.610001,27.941107,8046600
VALE3,2023-06-05,68.470001,68.480003,66.629997,67.379997,65.406761,21478500
BBAS3,2023-06-06,45.029999,46.160000,44.959999,45.540001,44.278442,11466100
ITSA3,2023-06-06,9.220000,9.320000,9.180000,9.220000,8.931335,256000
MGLU3,2023-06-06,3.930000,4.050000,3.870000,3.990000,3.990000,99511200
PETR3,2023-06-06,30.590000,31.370001,30.320000,31.230000,28.507048,17378600
VALE3,2023-06-06,67.800003,68.389999,67.400002,67.599998,65.620323,31884200
BBAS3,2023-06-07,45.730000,45.889999,45.520000,45.520000,44.258999,11111000
ITSA3,2023-06-07,9.230000,9.280000,9.170000,9.240000,8.950708,77200
MGLU3,2023-06-07,4.050000,4.180000,3.860000,3.880000,3.880000,123492800
PETR3,2023-06-07,31.850000,32.250000,31.629999,32.200001,29.392475,20698700
VALE3,2023-06-07,67.599998,68.680000,67.400002,68.669998,66.658981,27377500
BBAS3,2023-06-09,45.740002,47.740002,45.740002,47.740002,46.417500,18466100
ITSA3,2023-06-09,9.240000,9.390000,9.200000,9.390000,9.096014,57400
MGLU3,2023-06-09,3.960000,4.070000,3.930000,3.970000,3.970000,119882600
PETR3,2023-06-09,32.400002,33.790001,32.290001,33.750000,30.807329,18802700
VALE3,2023-06-09,69.669998,69.800003,68.250000,68.360001,66.358063,30056800
BBAS3,2023-06-12,48.070000,49.740002,47.970001,49.470001,48.099571,38557800
ITSA3,2023-06-12,9.350000,9.420000,9.320000,9.340000,9.047579,91000
MGLU3,2023-06-12,4.010000,4.070000,3.900000,3.960000,3.960000,118300100
PETR3,2023-06-12,33.750000,34.410000,33.570000,34.180000,31.199837,23844900
VALE3,2023-06-12,67.800003,67.800003,66.699997,67.120003,65.154381,26651200
BBAS3,2023-06-13,49.180000,49.490002,48.389999,48.619999,47.598942,13266100
ITSA3,2023-06-13,9.350000,9.490000,9.350000,9.440000,9.144448,164000
MGLU3,2023-06-13,4.010000,4.020000,3.750000,3.760000,3.760000,137552200
PETR3,2023-06-13,32.779999,32.779999,31.990000,32.299999,31.212957,24903100
VALE3,2023-06-13,68.300003,68.570000,67.610001,67.830002,65.843590,34288100
BBAS3,2023-06-14,48.799999,49.000000,48.099998,48.860001,47.833908,13041900
ITSA3,2023-06-14,9.500000,9.640000,9.430000,9.570000,9.270376,72200
MGLU3,2023-06-14,3.810000,3.840000,3.690000,3.810000,3.810000,135391300
PETR3,2023-06-14,32.470001,33.689999,32.349998,33.689999,32.556175,35323000
VALE3,2023-06-14,68.989998,69.610001,68.489998,69.019997,66.998734,53775600
BBAS3,2023-06-15,48.900002,50.240002,48.700001,49.860001,48.812901,20965400
ITSA3,2023-06-15,9.570000,9.810000,9.540000,9.750000,9.444742,474800
MGLU3,2023-06-15,3.790000,3.820000,3.730000,3.750000,3.750000,115498600
PETR3,2023-06-15,33.650002,34.400002,33.070000,33.189999,32.073002,19891200
VALE3,2023-06-15,69.099998,69.650002,68.360001,69.559998,67.522919,31874100
BBAS3,2023-06-16,49.840000,49.910000,49.250000,49.490002,48.450676,15196900
ITSA3,2023-06-16,9.750000,9.890000,9.650000,9.650000,9.347873,503700
MGLU3,2023-06-16,3.740000,3.790000,3.700000,3.710000,3.710000,87510800
PETR3,2023-06-16,33.119999,33.669998,32.840000,33.389999,32.266273,20498000
VALE3,2023-06-16,69.400002,70.199997,69.209999,69.669998,67.629700,39953600
BBAS3,2023-06-19,49.570000,50.470001,49.520000,50.410000,49.351353,5893600
ITSA3,2023-06-19,9.720000,9.910000,9.650000,9.890000,9.580359,138200
MGLU3,2023-06-19,3.720000,3.750000,3.640000,3.730000,3.730000,58605400
PETR3,2023-06-19,33.389999,34.240002,33.290001,34.220001,33.068340,5688000
VALE3,2023-06-19,69.650002,69.650002,68.680000,69.400002,67.367607,14894300
BBAS3,2023-06-20,50.290001,50.459999,49.950001,50.400002,49.341564,8570500
ITSA3,2023-06-20,9.880000,9.950000,9.750000,9.950000,9.638480,362700
MGLU3,2023-06-20,3.720000,3.730000,3.650000,3.680000,3.680000,82967600
PETR3,2023-06-20,34.080002,34.400002,33.459999,34.310001,33.155312,20070700
VALE3,2023-06-20,69.000000,69.019997,67.309998,67.610001,65.630028,35748700
BBAS3,2023-06-21,50.200001,51.990002,50.139999,51.990002,50.898174,13706500
ITSA3,2023-06-21,9.940000,10.050000,9.910000,10.000000,9.686914,256000
MGLU3,2023-06-21,3.680000,3.790000,3.650000,3.760000,3.760000,90224800
PETR3,2023-06-21,34.730000,35.849998,34.639999,35.680000,34.479206,17000700
VALE3,2023-06-21,67.070000,67.339996,66.720001,66.930000,64.969940,27336800
BBAS3,2023-06-22,51.639999,51.860001,50.660000,51.000000,49.928963,9000400
ITSA3,2023-06-22,10.000000,10.000000,9.830000,9.850000,9.541611,82300
MGLU3,2023-06-22,3.660000,3.680000,3.450000,3.570000,3.570000,184491500
PETR3,2023-06-22,35.340000,35.490002,34.759998,35.090000,33.909061,13677800
VALE3,2023-06-22,66.669998,67.860001,66.300003,66.570000,64.620483,21394900
BBAS3,2023-06-23,51.110001,51.139999,50.560001,51.020000,49.948544,6741900
ITSA3,2023-06-23,9.860000,9.860000,9.690000,9.770000,9.575326,83100
MGLU3,2023-06-23,3.580000,3.630000,3.470000,3.580000,3.580000,81396800
PETR3,2023-06-23,34.820000,34.869999,33.419998,33.900002,32.759113,11854700
VALE3,2023-06-23,66.000000,66.099998,65.300003,65.900002,63.970108,23510900
BBAS3,2023-06-26,50.740002,51.389999,50.450001,51.139999,50.066021,8424200
ITSA3,2023-06-26,9.760000,9.830000,9.710000,9.740000,9.545924,68300
MGLU3,2023-06-26,3.580000,3.600000,3.360000,3.400000,3.400000,95863300
PETR3,2023-06-26,33.799999,34.730000,33.799999,34.560001,33.396900,12866400
VALE3,2023-06-26,65.559998,66.300003,65.320000,66.040001,64.106010,15030400
BBAS3,2023-06-27,51.169998,51.480000,49.869999,50.200001,49.145767,12889500
ITSA3,2023-06-27,9.740000,9.820000,9.620000,9.680000,9.487119,65000
MGLU3,2023-06-27,3.500000,3.530000,3.310000,3.380000,3.380000,131568800
PETR3,2023-06-27,34.610001,34.820000,33.939999,34.259998,33.106995,12744300
VALE3,2023-06-27,66.900002,67.279999,66.449997,66.830002,64.872871,22737400
BBAS3,2023-06-28,50.110001,50.200001,49.230000,49.590000,48.548576,7762100
ITSA3,2023-06-28,9.670000,9.670000,9.550000,9.580000,9.389112,123600
MGLU3,2023-06-28,3.390000,3.460000,3.310000,3.350000,3.350000,88221600
PETR3,2023-06-28,34.290001,34.919998,34.220001,34.509998,33.348579,10147400
VALE3,2023-06-28,66.779999,66.820000,64.720001,64.720001,62.824665,37628600
BBAS3,2023-06-29,49.560001,50.200001,49.220001,50.049999,48.998913,8282600
ITSA3,2023-06-29,9.560000,9.770000,9.560000,9.770000,9.575326,130900
MGLU3,2023-06-29,3.360000,3.500000,3.350000,3.450000,3.450000,79151300
PETR3,2023-06-29,34.650002,34.959999,34.490002,34.889999,33.715790,11087400
VALE3,2023-06-29,64.720001,65.930000,64.349998,65.510002,63.591530,24841800
BBAS3,2023-06-30,50.400002,50.799999,48.930000,49.400002,48.362564,14004500
ITSA3,2023-06-30,9.770000,9.830000,9.740000,9.740000,9.545924,75000
MGLU3,2023-06-30,3.520000,3.540000,3.360000,3.370000,3.370000,83042200
PETR3,2023-06-30,34.950001,34.950001,33.070000,33.099998,31.986032,19972200
VALE3,2023-06-30,65.709999,66.059998,64.220001,64.220001,62.339306,42992000
BBAS3,2023-07-03,49.560001,50.500000,49.520000,50.389999,49.331772,13015600
ITSA3,2023-07-03,9.760000,9.940000,9.750000,9.890000,9.692935,107900
MGLU3,2023-07-03,3.410000,3.480000,3.360000,3.440000,3.440000,72731600
PETR3,2023-07-03,33.410000,33.840000,33.400002,33.669998,32.536850,10255400
VALE3,2023-07-03,64.709999,66.500000,64.639999,66.230003,64.290443,22738400
BBAS3,2023-07-04,50.389999,50.450001,49.830002,50.070000,49.018494,3786400
ITSA3,2023-07-04,9.890000,9.900000,9.770000,9.800000,9.604729,146300
MGLU3,2023-07-04,3.430000,3.430000,3.350000,3.370000,3.370000,65786100
PETR3,2023-07-04,33.660000,34.029999,33.529999,33.750000,32.614159,3080800
VALE3,2023-07-04,65.839996,66.459999,65.800003,65.900002,63.970108,12573200
BBAS3,2023-07-05,50.000000,50.009998,49.400002,49.740002,48.695423,5666200
ITSA3,2023-07-05,9.800000,9.980000,9.740000,9.910000,9.712536,170800
MGLU3,2023-07-05,3.350000,3.510000,3.340000,3.410000,3.410000,165756300
PETR3,2023-07-05,33.720001,34.160000,33.320000,33.740002,32.604496,14131000
VALE3,2023-07-05,65.610001,65.860001,65.010002,65.320000,63.407089,27363600
BBAS3,2023-07-06,49.529999,49.580002,48.639999,49.009998,47.980751,9558000
ITSA3,2023-07-06,9.900000,9.910000,9.780000,9.810000,9.614529,124800
MGLU3,2023-07-06,3.370000,3.380000,3.140000,3.150000,3.150000,172264200
PETR3,2023-07-06,33.480000,33.700001,32.930000,33.310001,32.188969,12623600
VALE3,2023-07-06,64.720001,65.589996,64.440002,64.849998,62.950855,18579200
BBAS3,2023-07-07,49.040001,50.320000,49.040001,49.959999,48.910801,11539600
ITSA3,2023-07-07,9.820000,9.960000,9.740000,9.870000,9.673332,103600
MGLU3,2023-07-07,3.210000,3.300000,3.150000,3.180000,3.180000,111456800
PETR3,2023-07-07,33.459999,33.869999,33.070000,33.130001,32.015026,8279200
VALE3,2023-07-07,64.480003,65.599998,64.309998,65.459999,63.542992,57287600
BBAS3,2023-07-10,49.990002,50.049999,48.790001,49.040001,48.010124,8903000
ITSA3,2023-07-10,9.880000,9.960000,9.730000,9.950000,9.751739,400300
MGLU3,2023-07-10,3.150000,3.160000,3.030000,3.050000,3.050000,94046200
PETR3,2023-07-10,32.840000,33.430000,32.779999,33.130001,32.015026,6997700
VALE3,2023-07-10,64.500000,65.190002,64.330002,64.459999,62.572277,36698500
BBAS3,2023-07-11,49.000000,49.020000,47.880001,48.340000,47.324825,12336800
ITSA3,2023-07-11,9.980000,9.980000,9.660000,9.700000,9.506720,137200
MGLU3,2023-07-11,3.040000,3.090000,2.910000,3.060000,3.060000,111418000
PETR3,2023-07-11,33.080002,33.270000,32.750000,32.869999,31.763773,9533900
VALE3,2023-07-11,65.080002,67.010002,64.879997,66.580002,64.630196,35550200
BBAS3,2023-07-12,48.939999,48.939999,47.360001,47.560001,46.561207,12229100
ITSA3,2023-07-12,9.760000,9.790000,9.670000,9.670000,9.477319,70800
MGLU3,2023-07-12,3.120000,3.150000,2.980000,2.980000,2.980000,90655800
PETR3,2023-07-12,32.869999,33.540001,32.750000,32.770000,31.667141,12229800
VALE3,2023-07-12,68.000000,68.080002,67.000000,67.050003,65.086433,22864300
BBAS3,2023-07-13,47.860001,48.380001,47.590000,48.009998,47.001751,7034200
ITSA3,2023-07-13,9.710000,9.910000,9.680000,9.850000,9.653731,79700
MGLU3,2023-07-13,3.030000,3.110000,3.010000,3.020000,3.020000,88171300
PETR3,2023-07-13,32.799999,33.380001,32.779999,33.250000,32.130985,9831700
VALE3,2023-07-13,68.220001,68.800003,67.919998,68.610001,66.600746,24187200
BBAS3,2023-07-14,47.959999,48.709999,47.410000,47.689999,46.688477,13105800
ITSA3,2023-07-14,9.850000,9.870000,9.730000,9.750000,9.555724,66300
MGLU3,2023-07-14,3.030000,3.050000,2.930000,2.950000,2.950000,69328500
PETR3,2023-07-14,33.029999,33.189999,32.419998,32.549999,31.454542,13967700
VALE3,2023-07-14,69.190002,69.290001,68.260002,68.610001,66.600746,20342500
BBAS3,2023-07-17,47.799999,48.189999,47.459999,48.110001,47.099655,5387000
ITSA3,2023-07-17,9.750000,9.890000,9.690000,9.850000,9.653731,194200
MGLU3,2023-07-17,2.960000,3.000000,2.900000,2.960000,2.960000,61653400
PETR3,2023-07-17,32.000000,32.680000,31.440001,32.560001,31.464209,13877200
VALE3,2023-07-17,68.330002,68.330002,67.029999,67.849998,65.862999,15322300
BBAS3,2023-07-18,48.099998,48.450001,47.840000,48.270000,47.256294,4530300
ITSA3,2023-07-18,9.850000,9.950000,9.780000,9.880000,9.683133,255000
MGLU3,2023-07-18,2.960000,3.000000,2.920000,2.960000,2.960000,61866800
PETR3,2023-07-18,32.509998,32.779999,32.200001,32.279999,31.193630,8430200
VALE3,2023-07-18,67.730003,68.269997,67.279999,67.419998,65.445587,16950600
BBAS3,2023-07-19,48.400002,48.400002,47.320000,47.430000,46.433937,8105400
ITSA3,2023-07-19,9.880000,9.880000,9.740000,9.820000,9.624330,103200
MGLU3,2023-07-19,2.960000,3.010000,2.910000,2.940000,2.940000,77842000
PETR3,2023-07-19,32.150002,32.599998,32.000000,32.459999,31.367571,11137300
VALE3,2023-07-19,67.489998,67.970001,66.959999,67.239998,65.270859,14512600
BBAS3,2023-07-20,47.560001,48.049999,47.400002,47.950001,46.943016,6753800
ITSA3,2023-07-20,9.820000,9.890000,9.710000,9.890000,9.692935,139200
MGLU3,2023-07-20,2.960000,2.980000,2.900000,2.900000,2.900000,71024000
PETR3,2023-07-20,32.459999,32.849998,32.240002,32.709999,31.609158,12374600
VALE3,2023-07-20,68.150002,68.489998,67.349998,67.389999,65.416473,20992700
BBAS3,2023-07-21,47.950001,48.849998,47.950001,48.520000,47.501045,10132200
ITSA3,2023-07-21,9.890000,10.080000,9.890000,9.980000,9.781140,145100
MGLU3,2023-07-21,2.890000,3.060000,2.890000,3.020000,3.020000,91869700
PETR3,2023-07-21,32.830002,33.490002,32.650002,33.310001,32.188969,16480100
VALE3,2023-07-21,67.440002,68.169998,66.980003,67.800003,65.814468,24852700
BBAS3,2023-07-24,48.240002,48.849998,47.180000,47.570000,46.570995,17870500
ITSA3,2023-07-24,9.990000,10.100000,9.910000,9.920000,9.722337,120000
MGLU3,2023-07-24,3.030000,3.050000,2.960000,3.010000,3.010000,78400000
PETR3,2023-07-24,33.400002,34.040001,33.400002,34.000000,32.855743,13992100
VALE3,2023-07-24,67.699997,70.320000,67.510002,69.849998,67.804428,30616400
BBAS3,2023-07-25,48.259998,48.259998,47.299999,47.320000,46.326244,10766700
ITSA3,2023-07-25,9.920000,10.180000,9.900000,10.100000,9.898751,333400
MGLU3,2023-07-25,3.120000,3.220000,3.060000,3.070000,3.070000,117608500
PETR3,2023-07-25,34.500000,34.680000,33.799999,34.610001,33.445217,9578200
VALE3,2023-07-25,71.699997,72.660004,71.620003,72.010002,69.901176,31556700
BBAS3,2023-07-26,47.410000,47.799999,47.070000,47.720001,46.717846,12383500
ITSA3,2023-07-26,10.070000,10.070000,9.880000,10.000000,9.850753,71700
MGLU3,2023-07-26,3.070000,3.130000,3.030000,3.090000,3.090000,78128400
PETR3,2023-07-26,34.549999,34.750000,34.020000,34.459999,33.300262,15795200
VALE3,2023-07-26,71.750000,72.250000,70.750000,71.760002,69.658493,19066400
BBAS3,2023-07-27,47.720001,47.759998,46.650002,46.740002,45.758427,11750700
ITSA3,2023-07-27,9.900000,9.980000,9.820000,9.880000,9.732544,67400
MGLU3,2023-07-27,3.110000,3.210000,3.090000,3.170000,3.170000,122566000
PETR3,2023-07-27,34.099998,34.180000,32.500000,32.520000,31.425554,16105600
VALE3,2023-07-27,71.199997,71.239998,70.089996,70.419998,68.357735,28254500
BBAS3,2023-07-28,47.130001,47.570000,46.860001,47.279999,46.287083,7276100
ITSA3,2023-07-28,9.880000,9.970000,9.840000,9.970000,9.821201,47500
MGLU3,2023-07-28,3.200000,3.230000,3.110000,3.170000,3.170000,89386700
PETR3,2023-07-28,32.700001,33.180000,32.500000,33.070000,31.957043,7999800
VALE3,2023-07-28,70.019997,70.019997,67.629997,67.629997,65.649437,45938800
BBAS3,2023-07-31,47.599998,48.320000,47.480000,48.189999,47.177975,10389900
ITSA3,2023-07-31,9.970000,10.030000,9.900000,9.910000,9.762096,76400
MGLU3,2023-07-31,3.200000,3.370000,3.200000,3.350000,3.350000,109526700
PETR3,2023-07-31,33.500000,34.830002,33.500000,34.810001,33.638485,17508000
VALE3,2023-07-31,68.000000,69.680000,67.839996,69.160004,67.134636,26065700
BBAS3,2023-08-01,47.919998,48.029999,46.939999,47.360001,46.365406,12680100
ITSA3,2023-08-01,9.910000,9.940000,9.800000,9.910000,9.762096,242700
MGLU3,2023-08-01,3.360000,3.460000,3.310000,3.430000,3.430000,84698800
PETR3,2023-08-01,34.709999,34.720001,33.360001,34.080002,32.933056,19080800
VALE3,2023-08-01,68.769997,68.809998,67.900002,68.199997,66.202744,30015700
BBAS3,2023-08-02,47.259998,47.759998,47.099998,47.570000,46.570995,5602000
ITSA3,2023-08-02,9.910000,10.020000,9.820000,9.990000,9.840902,346800
MGLU3,2023-08-02,3.430000,3.440000,3.260000,3.330000,3.330000,105793800
PETR3,2023-08-02,33.880001,34.009998,33.270000,33.840000,32.701130,11669400
VALE3,2023-08-02,67.739998,67.760002,66.900002,67.089996,65.125252,29547300
BBAS3,2023-08-03,47.900002,47.980000,47.340000,47.650002,46.649315,8376300
ITSA3,2023-08-03,9.990000,10.120000,9.920000,9.930000,9.781798,216700
MGLU3,2023-08-03,3.450000,3.480000,3.150000,3.160000,3.160000,127516800
PETR3,2023-08-03,34.310001,34.529999,34.060001,34.320000,33.164974,8498200
VALE3,2023-08-03,66.849998,67.889999,66.489998,67.510002,65.532959,35512300
BBAS3,2023-08-04,47.500000,47.959999,47.049999,47.400002,46.404568,11489500
ITSA3,2023-08-04,9.930000,10.050000,9.840000,9.840000,9.693141,90700
MGLU3,2023-08-04,3.160000,3.210000,3.050000,3.060000,3.060000,107804000
PETR3,2023-08-04,33.630001,34.029999,32.250000,32.880001,31.773439,39809800
VALE3,2023-08-04,67.199997,68.330002,67.160004,67.559998,65.581490,22954300
BBAS3,2023-08-07,47.619999,48.000000,47.200001,47.320000,46.326244,5728200
ITSA3,2023-08-07,9.830000,10.010000,9.800000,9.900000,9.752245,531900
MGLU3,2023-08-07,3.090000,3.090000,2.990000,3.010000,3.010000,82566000
PETR3,2023-08-07,32.880001,33.340000,32.830002,33.099998,31.986032,10236000
VALE3,2023-08-07,67.650002,68.169998,66.879997,67.900002,65.911537,23057700
BBAS3,2023-08-08,47.230000,47.389999,46.360001,46.990002,46.003178,11888100
ITSA3,2023-08-08,9.900000,9.900000,9.690000,9.780000,9.634037,82800
MGLU3,2023-08-08,2.970000,3.030000,2.910000,2.990000,2.990000,86979400
PETR3,2023-08-08,32.709999,33.320000,32.520000,33.080002,31.966709,8588100
VALE3,2023-08-08,66.989998,68.150002,66.089996,67.459999,65.484421,43405600
BBAS3,2023-08-09,47.000000,47.150002,46.509998,46.730000,45.748638,7657700
ITSA3,2023-08-09,9.737443,9.737443,9.528357,9.647835,9.503844,134384
MGLU3,2023-08-09,3.000000,3.020000,2.930000,2.970000,2.970000,84687600
PETR3,2023-08-09,33.110001,33.630001,32.959999,33.459999,32.333916,13213200
VALE3,2023-08-09,67.459999,67.910004,66.629997,66.849998,64.892281,21859000
BBAS3,2023-08-10,47.099998,47.299999,46.730000,46.970001,45.983597,12489000
ITSA3,2023-08-10,9.637879,9.737443,9.578140,9.578140,9.435189,73620
MGLU3,2023-08-10,2.990000,3.010000,2.840000,2.850000,2.850000,98625900
PETR3,2023-08-10,33.200001,33.650002,32.990002,33.450001,32.324257,13768900
VALE3,2023-08-10,66.809998,67.180000,65.940002,66.059998,64.125420,28372300
BBAS3,2023-08-11,47.180000,47.660000,47.040001,47.480000,46.482883,8645400
ITSA3,2023-08-11,9.578140,9.717530,9.528357,9.627922,9.484229,91498
MGLU3,2023-08-11,2.860000,2.950000,2.840000,2.880000,2.880000,81824200
PETR3,2023-08-11,33.419998,34.029999,33.070000,33.470001,32.343582,10395400
VALE3,2023-08-11,66.190002,66.379997,65.230003,65.510002,63.591530,42335100
BBAS3,2023-08-14,47.689999,47.689999,46.939999,47.009998,46.022755,6574200
ITSA3,2023-08-14,9.617966,9.667748,9.588096,9.627922,9.484229,1405616
MGLU3,2023-08-14,2.880000,2.920000,2.810000,2.840000,2.840000,84848500
PETR3,2023-08-14,33.400002,33.740002,33.279999,33.630001,32.498199,7868900
VALE3,2023-08-14,62.980000,63.040001,61.900002,61.900002,61.900002,41056900
BBAS3,2023-08-15,47.139999,47.340000,46.680000,46.759998,45.778004,8725900
ITSA3,2023-08-15,9.627922,9.657792,9.538314,9.588096,9.444996,109677
MGLU3,2023-08-15,2.800000,2.800000,2.530000,2.770000,2.770000,207236600
PETR3,2023-08-15,35.139999,35.320000,33.520000,33.560001,32.430553,15951900
VALE3,2023-08-15,61.950001,61.959999,61.139999,61.290001,61.290001,28611000
BBAS3,2023-08-16,46.810001,47.730000,46.810001,47.160000,46.169605,11500000
ITSA3,2023-08-16,9.608009,9.707574,9.518401,9.598053,9.454804,153668
MGLU3,2023-08-16,2.810000,3.030000,2.740000,2.970000,2.970000,234618100
PETR3,2023-08-16,33.680000,34.959999,33.680000,34.549999,33.387234,22993600
VALE3,2023-08-16,61.389999,61.930000,61.000000,61.049999,61.049999,30508600
BBAS3,2023-08-17,47.509998,47.700001,47.180000,47.599998,46.600365,9183800
ITSA3,2023-08-17,9.598053,9.598053,9.418836,9.478575,9.337110,78541
MGLU3,2023-08-17,3.000000,3.020000,2.820000,2.820000,2.820000,114781700
PETR3,2023-08-17,34.709999,35.139999,34.290001,34.290001,33.135986,11944300
VALE3,2023-08-17,62.590000,62.810001,61.720001,61.910000,61.910000,39481200
BBAS3,2023-08-18,47.580002,48.119999,47.330002,47.790001,46.786373,10320100
ITSA3,2023-08-18,9.450000,9.480000,9.380000,9.420000,9.302503,69900
MGLU3,2023-08-18,2.800000,3.040000,2.760000,3.000000,3.000000,132051900
PETR3,2023-08-18,34.330002,34.610001,34.070000,34.490002,33.329254,7771500
VALE3,2023-08-18,61.200001,62.080002,61.020000,61.220001,61.220001,34201900
BBAS3,2023-08-21,48.000000,48.049999,47.310001,47.619999,46.619942,7872500
ITSA3,2023-08-21,9.420000,9.420000,9.310000,9.360000,9.243250,95400
MGLU3,2023-08-21,3.020000,3.070000,2.960000,3.050000,3.050000,113692400
PETR3,2023-08-21,34.599998,35.049999,33.849998,34.150002,33.000698,9985600
VALE3,2023-08-21,61.490002,61.740002,61.020000,61.299999,61.299999,17695300
BBAS3,2023-08-22,47.200001,48.080002,47.080002,47.970001,47.631641,7857600
ITSA3,2023-08-22,9.420000,9.500000,9.380000,9.450000,9.332128,54600
MGLU3,2023-08-22,3.080000,3.130000,3.040000,3.040000,3.040000,96263900
PETR3,2023-08-22,33.270000,33.540001,33.130001,33.500000,33.500000,7482700
VALE3,2023-08-22,62.040001,62.860001,62.029999,62.580002,62.580002,30995800
BBAS3,2023-08-23,48.110001,48.480000,47.630001,48.180000,47.840160,7767600
ITSA3,2023-08-23,9.550000,9.650000,9.470000,9.600000,9.480257,124000
MGLU3,2023-08-23,3.050000,3.070000,2.980000,3.060000,3.060000,76814100
PETR3,2023-08-23,34.070000,35.419998,34.070000,35.410000,35.410000,26164500
VALE3,2023-08-23,63.250000,63.669998,63.040001,63.040001,63.040001,19128500
BBAS3,2023-08-24,48.099998,48.099998,47.330002,47.549999,47.214603,6387600
ITSA3,2023-08-24,9.600000,9.620000,9.480000,9.540000,9.421005,104600
MGLU3,2023-08-24,3.060000,3.060000,2.940000,3.020000,3.020000,85188900
PETR3,2023-08-24,35.320000,35.840000,35.070000,35.320000,35.320000,8234700
VALE3,2023-08-24,62.689999,62.689999,61.830002,62.200001,62.200001,17821500
BBAS3,2023-08-25,47.610001,47.700001,46.410000,46.930000,46.598976,8974100
ITSA3,2023-08-25,9.540000,9.540000,9.430000,9.460000,9.342003,176000
MGLU3,2023-08-25,3.000000,3.020000,2.920000,2.920000,2.920000,86494900
PETR3,2023-08-25,35.419998,35.680000,34.720001,35.040001,35.040001,13843300
VALE3,2023-08-25,62.669998,62.779999,61.900002,62.070000,62.070000,11395300
BBAS3,2023-08-28,47.160000,48.500000,46.950001,48.279999,47.939453,7709200
ITSA3,2023-08-28,9.500000,9.590000,9.380000,9.590000,9.470382,96300
MGLU3,2023-08-28,2.930000,2.990000,2.860000,2.930000,2.930000,78970600
PETR3,2023-08-28,35.020000,35.450001,34.869999,35.400002,35.400002,7399600
VALE3,2023-08-28,62.430000,63.270000,62.270000,62.959999,62.959999,14173600
BBAS3,2023-08-29,48.529999,49.240002,48.330002,48.549999,48.207550,9784800
ITSA3,2023-08-29,9.590000,9.670000,9.560000,9.620000,9.500008,157500
MGLU3,2023-08-29,2.940000,2.990000,2.900000,2.930000,2.930000,42370200
PETR3,2023-08-29,35.500000,35.599998,35.200001,35.529999,35.529999,7751700
VALE3,2023-08-29,63.380001,65.029999,63.230000,64.970001,64.970001,28625700
BBAS3,2023-08-30,48.700001,48.880001,47.799999,47.849998,47.512486,5755400
ITSA3,2023-08-30,9.620000,9.670000,9.480000,9.480000,9.361753,80600
MGLU3,2023-08-30,2.950000,2.950000,2.880000,2.920000,2.920000,50488000
PETR3,2023-08-30,35.680000,35.740002,35.439999,35.500000,35.500000,5861700
VALE3,2023-08-30,65.209999,65.870003,64.730003,64.980003,64.980003,21812600
BBAS3,2023-08-31,47.950001,47.980000,47.020000,47.099998,46.767776,13203600
ITSA3,2023-08-31,9.530000,9.530000,9.350000,9.380000,9.263001,94900
MGLU3,2023-08-31,2.890000,2.910000,2.760000,2.760000,2.760000,97371400
PETR3,2023-08-31,35.650002,35.750000,34.139999,34.540001,34.540001,19146600
VALE3,2023-08-31,65.570000,66.169998,65.080002,65.080002,65.080002,31011100
BBAS3,2023-09-01,47.230000,47.700001,47.189999,47.419998,47.085518,5537000
ITSA3,2023-09-01,9.380000,9.510000,9.330000,9.480000,9.361753,71500
MGLU3,2023-09-01,2.790000,2.860000,2.750000,2.860000,2.860000,73189800
PETR3,2023-09-01,34.910000,35.810001,34.680000,35.689999,35.689999,30483500
VALE3,2023-09-01,66.690002,69.000000,66.629997,68.889999,68.889999,57288600
BBAS3,2023-09-04,47.500000,47.700001,47.180000,47.270000,46.936581,3632300
ITSA3,2023-09-04,9.440000,9.500000,9.380000,9.390000,9.272877,60900
MGLU3,2023-09-04,2.830000,2.860000,2.780000,2.780000,2.780000,38410300
PETR3,2023-09-04,35.660000,35.799999,35.139999,35.200001,35.200001,5697600
VALE3,2023-09-04,69.279999,70.050003,68.879997,69.400002,69.400002,22397800
BBAS3,2023-09-05,47.349998,47.799999,47.009998,47.099998,46.767776,7644100
ITSA3,2023-09-05,9.370000,9.380000,9.230000,9.290000,9.174124,101400
MGLU3,2023-09-05,2.760000,2.770000,2.620000,2.690000,2.690000,107084800
PETR3,2023-09-05,35.060001,37.000000,35.000000,36.820000,36.820000,24924500
VALE3,2023-09-05,68.989998,69.510002,68.580002,69.099998,69.099998,19253500
BBAS3,2023-09-06,47.220001,47.450001,46.770000,46.779999,46.450035,7091800
ITSA3,2023-09-06,9.290000,9.310000,9.120000,9.140000,9.025995,127300
MGLU3,2023-09-06,2.690000,2.760000,2.590000,2.590000,2.590000,87048400
PETR3,2023-09-06,36.779999,37.459999,36.730000,37.000000,37.000000,12259900
VALE3,2023-09-06,69.150002,69.589996,67.879997,67.989998,67.989998,28466500
BBAS3,2023-09-08,46.849998,47.020000,46.299999,46.639999,46.311020,7742600
ITSA3,2023-09-08,9.140000,9.190000,9.080000,9.100000,8.986494,62400
MGLU3,2023-09-08,2.550000,2.560000,2.500000,2.510000,2.510000,68237200
PETR3,2023-09-08,36.810001,37.169998,36.500000,36.709999,36.709999,12383900
VALE3,2023-09-08,66.699997,66.839996,66.239998,66.709999,66.709999,19989200
BBAS3,2023-09-11,47.080002,47.540001,46.840000,47.380001,47.045803,7199900
ITSA3,2023-09-11,9.130000,9.360000,9.110000,9.290000,9.174124,98100
MGLU3,2023-09-11,2.530000,2.580000,2.470000,2.550000,2.550000,66435500
PETR3,2023-09-11,36.709999,37.000000,36.400002,36.459999,36.459999,13441700
VALE3,2023-09-11,68.099998,68.180000,67.540001,67.669998,67.669998,19493800
BBAS3,2023-09-12,47.189999,47.619999,47.090000,47.299999,47.299999,7685200
ITSA3,2023-09-12,9.290000,9.420000,9.290000,9.360000,9.243250,66600
MGLU3,2023-09-12,2.550000,2.650000,2.520000,2.620000,2.620000,96591600
PETR3,2023-09-12,36.660000,37.090000,36.630001,36.860001,36.860001,6035300
VALE3,2023-09-12,68.000000,68.260002,67.440002,67.620003,67.620003,14201300
BBAS3,2023-09-13,47.349998,47.900002,47.130001,47.259998,47.259998,7362800
ITSA3,2023-09-13,9.370000,9.450000,9.350000,9.420000,9.302503,56800
MGLU3,2023-09-13,2.600000,2.720000,2.590000,2.620000,2.620000,70254600
PETR3,2023-09-13,36.860001,36.990002,36.380001,36.380001,36.380001,10236100
VALE3,2023-09-13,67.669998,67.779999,67.150002,67.360001,67.360001,15448400
BBAS3,2023-09-14,47.490002,47.919998,47.189999,47.389999,47.389999,7284900
ITSA3,2023-09-14,9.370000,9.480000,9.350000,9.430000,9.312378,249200
MGLU3,2023-09-14,2.620000,2.640000,2.460000,2.580000,2.580000,120928100
PETR3,2023-09-14,36.439999,37.529999,36.439999,37.450001,37.450001,11054400
VALE3,2023-09-14,69.300003,70.680000,69.050003,70.120003,70.120003,62390300
BBAS3,2023-09-15,47.419998,47.700001,47.110001,47.549999,47.549999,10803000
ITSA3,2023-09-15,9.430000,9.470000,9.370000,9.420000,9.302503,229100
MGLU3,2023-09-15,2.600000,2.640000,2.480000,2.480000,2.480000,118954300
PETR3,2023-09-15,37.400002,37.549999,36.900002,36.900002,36.900002,20324600
VALE3,2023-09-15,71.000000,71.230003,69.540001,69.540001,69.540001,37901700
BBAS3,2023-09-18,47.639999,48.110001,47.349998,47.349998,47.349998,10100400
ITSA3,2023-09-18,9.430000,9.550000,9.420000,9.430000,9.312378,72100
MGLU3,2023-09-18,2.480000,2.620000,2.450000,2.580000,2.580000,109649300
PETR3,2023-09-18,37.209999,38.090000,37.130001,37.360001,37.360001,11039300
VALE3,2023-09-18,69.540001,70.050003,68.550003,68.720001,68.720001,21849000
BBAS3,2023-09-19,47.349998,47.770000,47.070000,47.279999,47.279999,7639100
ITSA3,2023-09-19,9.410000,9.460000,9.380000,9.410000,9.292626,35500
MGLU3,2023-09-19,2.580000,2.610000,2.500000,2.520000,2.520000,64918600
PETR3,2023-09-19,37.430000,37.880001,37.259998,37.360001,37.360001,13151300
VALE3,2023-09-19,68.669998,69.250000,68.209999,68.849998,68.849998,43870300
BBAS3,2023-09-20,47.320000,48.250000,47.270000,47.700001,47.700001,7380300
ITSA3,2023-09-20,9.410000,9.550000,9.370000,9.470000,9.351879,52100
MGLU3,2023-09-20,2.520000,2.570000,2.510000,2.520000,2.520000,57258300
PETR3,2023-09-20,37.360001,37.709999,37.119999,37.410000,37.410000,8157200
VALE3,2023-09-20,69.279999,69.769997,69.040001,69.309998,69.309998,14372200
BBAS3,2023-09-21,47.320000,47.389999,46.470001,46.610001,46.610001,8316800
ITSA3,2023-09-21,9.420000,9.420000,9.300000,9.340000,9.223500,85200
MGLU3,2023-09-21,2.470000,2.480000,2.350000,2.350000,2.350000,135662700
PETR3,2023-09-21,37.049999,37.529999,36.820000,36.869999,36.869999,14641100
VALE3,2023-09-21,68.300003,68.459999,67.500000,67.500000,67.500000,21686000
BBAS3,2023-09-22,46.759998,47.130001,46.599998,46.689999,46.689999,5361400
ITSA3,2023-09-22,9.300000,9.300000,9.100000,9.100000,9.100000,239200
MGLU3,2023-09-22,2.390000,2.410000,2.170000,2.240000,2.240000,133978200
PETR3,2023-09-22,37.119999,37.470001,36.959999,37.139999,37.139999,7402600
VALE3,2023-09-22,68.389999,68.870003,67.930000,68.000000,68.000000,17063700
BBAS3,2023-09-25,46.619999,46.770000,46.169998,46.419998,46.419998,9127000
ITSA3,2023-09-25,9.100000,9.250000,9.070000,9.170000,9.170000,67100
MGLU3,2023-09-25,2.200000,2.200000,2.080000,2.150000,2.150000,92630000
PETR3,2023-09-25,37.169998,37.500000,37.090000,37.380001,37.380001,3931400
VALE3,2023-09-25,67.010002,67.029999,65.769997,66.599998,66.599998,34715000
BBAS3,2023-09-26,46.029999,46.220001,45.570000,45.759998,45.759998,11795000
ITSA3,2023-09-26,9.170000,9.200000,9.030000,9.030000,9.030000,79400
MGLU3,2023-09-26,2.120000,2.180000,2.070000,2.100000,2.100000,63508200
PETR3,2023-09-26,36.980000,37.189999,36.349998,36.349998,36.349998,12779600
VALE3,2023-09-26,65.699997,66.260002,65.370003,65.559998,65.559998,24178800
BBAS3,2023-09-27,46.150002,46.509998,45.619999,46.160000,46.160000,11054500
ITSA3,2023-09-27,9.060000,9.090000,8.930000,9.040000,9.040000,145600
MGLU3,2023-09-27,2.130000,2.150000,2.000000,2.040000,2.040000,178706800
PETR3,2023-09-27,36.810001,37.700001,36.810001,37.700001,37.700001,15546800
VALE3,2023-09-27,66.099998,66.190002,65.309998,65.699997,65.699997,17109300
BBAS3,2023-09-28,46.290001,47.799999,46.230000,47.639999,47.639999,11913600
ITSA3,2023-09-28,8.960000,9.110000,8.940000,9.070000,9.070000,147300
MGLU3,2023-09-28,2.020000,2.090000,2.010000,2.050000,2.050000,83842300
PETR3,2023-09-28,37.639999,37.779999,37.310001,37.509998,37.509998,8603100
VALE3,2023-09-28,66.110001,67.040001,65.959999,66.699997,66.699997,26072300
BBAS3,2023-09-29,47.840000,47.889999,47.099998,47.180000,47.180000,5453200
ITSA3,2023-09-29,9.110000,9.200000,9.090000,9.150000,9.150000,53100
MGLU3,2023-09-29,2.110000,2.170000,2.090000,2.120000,2.120000,107488900
PETR3,2023-09-29,37.580002,37.889999,37.470001,37.889999,37.889999,10250400
VALE3,2023-09-29,67.309998,67.650002,67.040001,67.580002,67.580002,19018000
BBAS3,2023-10-02,47.169998,47.349998,46.900002,47.049999,47.049999,4731200
ITSA3,2023-10-02,9.150000,9.160000,8.990000,9.030000,9.030000,196400
MGLU3,2023-10-02,2.120000,2.130000,1.990000,2.010000,2.010000,91688200
PETR3,2023-10-02,37.820000,38.070000,36.980000,37.169998,37.169998,8319100
VALE3,2023-10-02,67.580002,67.720001,66.620003,66.989998,66.989998,11175900
BBAS3,2023-10-03,47.080002,47.119999,46.320000,46.450001,46.450001,6436600
ITSA3,2023-10-03,9.010000,9.010000,8.920000,8.960000,8.960000,66700
MGLU3,2023-10-03,1.980000,2.000000,1.830000,1.840000,1.840000,135436800
PETR3,2023-10-03,36.930000,37.220001,36.520000,36.730000,36.730000,9893500
VALE3,2023-10-03,66.080002,66.959999,66.070000,66.580002,66.580002,15268800
BBAS3,2023-10-04,46.599998,47.070000,46.180000,46.799999,46.799999,8189700
ITSA3,2023-10-04,8.960000,9.070000,8.920000,9.020000,9.020000,138000
MGLU3,2023-10-04,1.890000,1.950000,1.870000,1.890000,1.890000,131191000
PETR3,2023-10-04,36.500000,36.580002,35.320000,35.619999,35.619999,20881700
VALE3,2023-10-04,66.400002,66.779999,65.529999,65.870003,65.870003,14377000
ITSA3,2023-10-05,9.020000,9.150000,8.930000,9.080000,9.080000,100500
MGLU3,2023-10-05,1.880000,1.900000,1.800000,1.810000,1.810000,81112600
VALE3,2023-10-05,65.870003,66.449997,65.660004,65.900002,65.900002,11556300
ITSA3,2023-10-06,9.080000,9.160000,8.910000,9.120000,9.120000,151600
MGLU3,2023-10-06,1.720000,1.800000,1.680000,1.780000,1.780000,123425800
VALE3,2023-10-06,65.889999,67.449997,65.820000,66.860001,66.860001,22711400
ITSA3,2023-10-09,9.050000,9.050000,8.930000,9.000000,9.000000,3558800
MGLU3,2023-10-09,1.730000,1.870000,1.710000,1.860000,1.860000,80789000
VALE3,2023-10-09,65.730003,66.379997,65.389999,66.379997,66.379997,14392200
ITSA3,2023-10-10,9.000000,9.140000,9.000000,9.140000,9.140000,55800
MGLU3,2023-10-10,1.870000,2.020000,1.870000,1.990000,1.990000,126888600
VALE3,2023-10-10,67.059998,67.470001,66.699997,66.779999,66.779999,18261700
ITSA3,2023-10-11,9.170000,9.250000,9.090000,9.220000,9.220000,198400
MGLU3,2023-10-11,2.020000,2.080000,1.890000,1.910000,1.910000,126686500
VALE3,2023-10-11,66.809998,67.430000,66.690002,67.360001,67.360001,13659400
ITSA3,2023-10-13,9.220000,9.240000,9.090000,9.120000,9.120000,61100
MGLU3,2023-10-13,1.870000,1.890000,1.800000,1.820000,1.820000,67624500
VALE3,2023-10-13,67.199997,67.300003,66.459999,66.589996,66.589996,16302700
ITSA3,2023-10-16,9.120000,9.140000,9.080000,9.110000,9.110000,56400
MGLU3,2023-10-16,1.850000,1.860000,1.780000,1.790000,1.790000,69482900
VALE3,2023-10-16,67.400002,67.750000,67.180000,67.300003,67.300003,13103300
ITSA3,2023-10-17,9.100000,9.100000,8.910000,8.910000,8.910000,334300
MGLU3,2023-10-17,1.750000,1.770000,1.680000,1.690000,1.690000,83406800
VALE3,2023-10-17,67.000000,68.050003,66.589996,67.849998,67.849998,24031000
ITSA3,2023-10-18,8.930000,8.960000,8.880000,8.940000,8.940000,42900
